,,,,,,,Playing Time,Playing Time,Playing Time,Playing Time,Performance,Performance,Performance,Performance,Performance,Performance,Performance,Performance,Expected,Expected,Expected,Expected,Progression,Progression,Progression,Per 90 Minutes,Per 90 Minutes,Per 90 Minutes,Per 90 Minutes,Per 90 Minutes,Per 90 Minutes,Per 90 Minutes,Per 90 Minutes,Per 90 Minutes,Per 90 Minutes
Rk,Player,Nation,Pos,Squad,Age,Born,MP,Starts,Min,90s,Gls,Ast,G+A,G-PK,PK,PKatt,CrdY,CrdR,xG,npxG,xAG,npxG+xAG,PrgC,PrgP,PrgR,Gls,Ast,G+A,G-PK,G+A-PK,xG,xAG,xG+xAG,npxG,npxG+xAG
1,Max Aarons,ENG,DF,Norwich City,21,2000,34,32,2881,32.0,0,2,2,0,0,0,8,0,0.8,0.8,1.7,2.5,78,117,85,0.00,0.06,0.06,0.00,0.06,0.03,0.05,0.08,0.03,0.08
2,Che Adams,SCO,FW,Southampton,25,1996,30,23,2039,22.7,7,3,10,7,0,0,0,0,7.1,7.1,3.0,10.1,19,33,153,0.31,0.13,0.44,0.31,0.44,0.31,0.13,0.45,0.31,0.45
3,Rayan Aït-Nouri,ALG,"DF,MF",Wolves,20,2001,23,20,1828,20.3,1,2,3,1,0,0,4,0,0.6,0.6,1.6,2.2,60,49,127,0.05,0.10,0.15,0.05,0.15,0.03,0.08,0.11,0.03,0.11
4,Kristoffer Ajer,NOR,DF,Brentford,23,1998,24,23,1995,22.2,1,3,4,1,0,0,5,0,0.8,0.8,1.7,2.5,30,82,29,0.05,0.14,0.18,0.05,0.18,0.04,0.08,0.11,0.04,0.11
5,Nathan Aké,NED,DF,Manchester City,26,1995,14,10,923,10.3,2,0,2,2,0,0,0,0,0.7,0.7,0.6,1.2,12,57,8,0.20,0.00,0.20,0.20,0.20,0.07,0.06,0.12,0.07,0.12
6,Marc Albrighton,ENG,"FW,DF",Leicester City,31,1989,17,11,1132,12.6,1,2,3,1,0,0,3,0,0.5,0.5,2.0,2.5,21,26,56,0.08,0.16,0.24,0.08,0.24,0.04,0.16,0.20,0.04,0.20
7,Thiago Alcántara,ESP,MF,Liverpool,30,1991,25,17,1534,17.0,1,4,5,1,0,0,2,0,1.9,1.9,2.3,4.2,24,214,45,0.06,0.23,0.29,0.06,0.29,0.11,0.14,0.25,0.11,0.25
8,Trent Alexander-Arnold,ENG,DF,Liverpool,22,1998,32,32,2853,31.7,2,12,14,2,0,0,2,0,2.4,2.4,12.0,14.4,53,267,201,0.06,0.38,0.44,0.06,0.44,0.07,0.38,0.46,0.07,0.46
9,Alisson,BRA,GK,Liverpool,28,1992,36,36,3240,36.0,0,1,1,0,0,0,0,0,0.0,0.0,0.2,0.2,0,1,0,0.00,0.03,0.03,0.00,0.03,0.00,0.01,0.01,0.00,0.01
10,Allan,BRA,MF,Everton,30,1991,28,25,2183,24.3,0,2,2,0,0,0,7,1,0.2,0.2,0.8,1.1,26,130,18,0.00,0.08,0.08,0.00,0.08,0.01,0.03,0.04,0.01,0.04
11,Dele Alli,ENG,MF,Tottenham,25,1996,10,8,657,7.3,1,0,1,0,1,1,1,0,1.6,0.8,0.3,1.1,8,18,22,0.14,0.00,0.14,0.00,0.00,0.22,0.04,0.26,0.11,0.15
12,Dele Alli,ENG,"MF,FW",Everton,25,1996,11,1,338,3.8,0,0,0,0,0,0,3,0,0.1,0.1,0.4,0.5,7,13,21,0.00,0.00,0.00,0.00,0.00,0.03,0.09,0.12,0.03,0.12
13,Miguel Almirón,PAR,"MF,FW",Newcastle Utd,27,1994,30,19,1716,19.1,1,0,1,1,0,0,2,0,1.7,1.7,0.9,2.6,44,46,85,0.05,0.00,0.05,0.05,0.05,0.09,0.05,0.14,0.09,0.14
14,Marcos Alonso,ESP,DF,Chelsea,30,1990,28,25,2167,24.1,4,4,8,4,0,0,8,0,2.8,2.8,4.5,7.3,51,93,192,0.17,0.17,0.33,0.17,0.33,0.12,0.19,0.30,0.12,0.30
15,Steven Alzate,COL,MF,Brighton,22,1998,9,5,404,4.5,0,0,0,0,0,0,0,0,0.1,0.1,0.2,0.2,3,21,6,0.00,0.00,0.00,0.00,0.00,0.02,0.03,0.05,0.02,0.05
16,Daniel Amartey,GHA,DF,Leicester City,26,1994,28,23,2123,23.6,0,0,0,0,0,0,4,0,0.0,0.0,0.2,0.2,14,62,0,0.00,0.00,0.00,0.00,0.00,0.00,0.01,0.01,0.00,0.01
17,Joachim Andersen,DEN,DF,Crystal Palace,25,1996,34,32,2916,32.4,0,3,3,0,0,0,4,0,0.7,0.7,1.7,2.4,14,100,4,0.00,0.09,0.09,0.00,0.09,0.02,0.05,0.07,0.02,0.07
18,Michail Antonio,JAM,FW,West Ham,31,1990,36,34,2971,33.0,10,8,18,10,0,1,8,1,10.8,10.2,6.0,16.2,77,46,246,0.30,0.24,0.55,0.30,0.55,0.33,0.18,0.51,0.31,0.49
19,Cameron Archer,ENG,"FW,MF",Aston Villa,20,2001,3,0,27,0.3,0,0,0,0,0,0,0,0,0.0,0.0,0.0,0.0,0,0,1,0.00,0.00,0.00,0.00,0.00,0.15,0.00,0.15,0.15,0.15
20,Alphonse Areola,FRA,GK,West Ham,28,1993,1,1,90,1.0,0,0,0,0,0,0,0,0,0.0,0.0,0.0,0.0,0,0,0,0.00,0.00,0.00,0.00,0.00,0.00,0.00,0.00,0.00,0.00
21,Adam Armstrong,ENG,FW,Southampton,24,1997,23,17,1413,15.7,2,2,4,2,0,0,1,0,4.5,4.5,1.6,6.2,39,30,105,0.13,0.13,0.25,0.13,0.25,0.29,0.10,0.39,0.29,0.39
22,Stuart Armstrong,SCO,MF,Southampton,29,1992,25,15,1473,16.4,2,0,2,2,0,0,1,0,2.5,2.5,1.5,4.0,63,83,78,0.12,0.00,0.12,0.12,0.12,0.15,0.09,0.24,0.15,0.24
23,Kepa Arrizabalaga,ESP,GK,Chelsea,26,1994,4,4,360,4.0,0,0,0,0,0,0,0,0,0.0,0.0,0.0,0.0,0,0,0,0.00,0.00,0.00,0.00,0.00,0.00,0.00,0.00,0.00,0.00
24,Harrison Ashby,SCO,DF,West Ham,19,2001,1,0,7,0.1,0,0,0,0,0,0,0,0,0.0,0.0,0.0,0.0,0,0,0,0.00,0.00,0.00,0.00,0.00,0.00,0.00,0.00,0.00,0.00
25,Pierre-Emerick Aubameyang,GAB,FW,Arsenal,32,1989,14,12,1037,11.5,4,1,5,4,0,2,3,0,5.9,4.2,1.0,5.2,21,26,47,0.35,0.09,0.43,0.35,0.43,0.51,0.09,0.60,0.36,0.45
26,Jordan Ayew,GHA,FW,Crystal Palace,29,1991,31,23,2019,22.4,3,3,6,3,0,0,2,0,3.1,3.1,2.8,5.9,98,51,151,0.13,0.13,0.27,0.13,0.27,0.14,0.12,0.26,0.14,0.26
27,Luke Ayling,ENG,DF,Leeds United,29,1991,26,26,2272,25.2,2,2,4,2,0,0,4,1,1.2,1.2,1.8,3.1,45,135,51,0.08,0.08,0.16,0.08,0.16,0.05,0.07,0.12,0.05,0.12
28,César Azpilicueta,ESP,DF,Chelsea,31,1989,27,24,2070,23.0,1,2,3,1,0,0,3,0,0.9,0.9,1.8,2.6,49,138,132,0.04,0.09,0.13,0.04,0.13,0.04,0.08,0.11,0.04,0.11
29,Daniel Bachmann,AUT,GK,Watford,27,1994,12,12,1080,12.0,0,0,0,0,0,0,0,0,0.0,0.0,0.0,0.0,0,0,0,0.00,0.00,0.00,0.00,0.00,0.00,0.00,0.00,0.00,0.00
30,Leon Bailey,JAM,"FW,MF",Aston Villa,23,1997,18,7,761,8.5,1,2,3,1,0,0,3,0,1.5,1.5,0.8,2.3,34,24,61,0.12,0.24,0.35,0.12,0.35,0.18,0.09,0.27,0.18,0.27
31,Eric Bailly,CIV,DF,Manchester Utd,27,1994,4,3,217,2.4,0,0,0,0,0,0,1,0,0.0,0.0,0.0,0.0,1,5,0,0.00,0.00,0.00,0.00,0.00,0.00,0.00,0.00,0.00,0.00
32,Folarin Balogun,USA,FW,Arsenal,20,2001,2,1,70,0.8,0,0,0,0,0,0,0,0,0.2,0.2,0.0,0.2,0,0,4,0.00,0.00,0.00,0.00,0.00,0.29,0.00,0.29,0.29,0.29
33,Patrick Bamford,ENG,FW,Leeds United,27,1993,9,7,559,6.2,2,2,4,2,0,0,2,0,3.0,3.0,1.1,4.0,8,12,24,0.32,0.32,0.64,0.32,0.64,0.48,0.17,0.65,0.48,0.65
34,Shandon Baptiste,GRN,MF,Brentford,23,1998,22,9,910,10.1,1,0,1,1,0,0,2,1,0.7,0.7,0.5,1.3,14,35,29,0.10,0.00,0.10,0.10,0.10,0.07,0.05,0.12,0.07,0.12
35,Ross Barkley,ENG,"MF,FW",Chelsea,27,1993,6,1,179,2.0,1,0,1,1,0,0,0,0,1.0,1.0,0.5,1.5,14,14,17,0.50,0.00,0.50,0.50,0.50,0.49,0.24,0.73,0.49,0.73
36,Ashley Barnes,ENG,FW,Burnley,31,1989,23,8,808,9.0,1,0,1,0,1,1,4,0,2.1,1.4,0.9,2.2,5,17,47,0.11,0.00,0.11,0.00,0.00,0.24,0.10,0.33,0.15,0.25
37,Harvey Barnes,ENG,"FW,MF",Leicester City,23,1997,32,24,2101,23.3,6,10,16,6,0,0,2,0,5.6,5.6,4.6,10.2,107,59,237,0.26,0.43,0.69,0.26,0.69,0.24,0.20,0.44,0.24,0.44
38,Lewis Bate,ENG,MF,Leeds United,18,2002,3,1,146,1.6,0,0,0,0,0,0,0,0,0.0,0.0,0.0,0.0,0,6,1,0.00,0.00,0.00,0.00,0.00,0.01,0.00,0.01,0.01,0.01
39,Mads Bech Sørensen,DEN,DF,Brentford,22,1999,11,9,835,9.3,0,0,0,0,0,0,3,0,0.1,0.1,0.4,0.4,9,20,4,0.00,0.00,0.00,0.00,0.00,0.01,0.04,0.05,0.01,0.05
40,Jan Bednarek,POL,DF,Southampton,25,1996,31,30,2629,29.2,4,0,4,4,0,0,10,0,2.2,2.2,0.4,2.6,0,61,5,0.14,0.00,0.14,0.14,0.14,0.08,0.01,0.09,0.08,0.09
41,Donny van de Beek,NED,MF,Manchester Utd,24,1997,8,0,75,0.8,1,0,1,1,0,0,0,0,0.5,0.5,0.4,0.9,0,4,4,1.20,0.00,1.20,1.20,1.20,0.57,0.47,1.04,0.57,1.04
42,Donny van de Beek,NED,MF,Everton,24,1997,7,5,483,5.4,1,0,1,1,0,0,1,0,1.1,1.1,0.1,1.1,3,20,10,0.19,0.00,0.19,0.19,0.19,0.20,0.01,0.21,0.20,0.21
43,Asmir Begović,BIH,GK,Everton,34,1987,3,3,270,3.0,0,0,0,0,0,0,0,0,0.0,0.0,0.0,0.0,0,0,0,0.00,0.00,0.00,0.00,0.00,0.00,0.00,0.00,0.00,0.00
44,Saïd Benrahma,ALG,"FW,MF",West Ham,25,1995,32,26,2168,24.1,8,6,14,8,0,0,0,0,4.8,4.8,3.7,8.5,73,73,222,0.33,0.25,0.58,0.33,0.58,0.20,0.15,0.35,0.20,0.35
45,Rodrigo Bentancur,URU,MF,Tottenham,24,1997,17,16,1361,15.1,0,4,4,0,0,0,5,0,0.8,0.8,2.6,3.4,20,76,11,0.00,0.26,0.26,0.00,0.26,0.05,0.17,0.23,0.05,0.23
46,Christian Benteke,BEL,FW,Crystal Palace,30,1990,25,11,1145,12.7,4,1,5,4,0,0,3,0,4.9,4.9,1.3,6.2,15,24,79,0.31,0.08,0.39,0.31,0.39,0.38,0.10,0.49,0.38,0.49
47,Jóhann Berg Guðmundsson,ISL,MF,Burnley,30,1990,18,13,1102,12.2,0,1,1,0,0,0,2,0,1.6,1.6,0.5,2.0,27,16,75,0.00,0.08,0.08,0.00,0.08,0.13,0.04,0.17,0.13,0.17
48,Steven Bergwijn,NED,"FW,MF",Tottenham,23,1997,25,4,565,6.3,3,1,4,3,0,0,1,0,2.5,2.5,0.9,3.5,26,17,53,0.48,0.16,0.64,0.48,0.64,0.40,0.15,0.55,0.40,0.55
49,Ryan Bertrand,ENG,DF,Leicester City,31,1989,4,4,337,3.7,0,0,0,0,0,0,1,0,0.0,0.0,0.0,0.0,2,17,8,0.00,0.00,0.00,0.00,0.00,0.00,0.00,0.00,0.00,0.00
50,Mads Bidstrup,DEN,MF,Brentford,20,2001,4,0,41,0.5,0,0,0,0,0,0,0,0,0.0,0.0,0.0,0.0,0,0,0,0.00,0.00,0.00,0.00,0.00,0.00,0.00,0.00,0.00,0.00
51,Yves Bissouma,MLI,MF,Brighton,24,1996,26,25,2111,23.5,1,2,3,1,0,0,10,0,0.9,0.9,0.8,1.7,40,92,16,0.04,0.09,0.13,0.04,0.13,0.04,0.03,0.07,0.04,0.07
52,Willy Boly,CIV,DF,Wolves,30,1991,10,10,900,10.0,0,0,0,0,0,0,1,0,0.2,0.2,0.1,0.2,6,20,0,0.00,0.00,0.00,0.00,0.00,0.02,0.01,0.02,0.02,0.02
53,Jarrod Bowen,ENG,FW,West Ham,24,1996,36,34,2983,33.1,12,10,22,12,0,0,6,0,11.9,11.9,6.1,18.0,74,66,204,0.36,0.30,0.66,0.36,0.66,0.36,0.18,0.54,0.36,0.54
54,Jarrad Branthwaite,ENG,DF,Everton,19,2002,6,4,388,4.3,1,0,1,1,0,0,0,1,0.5,0.5,0.0,0.5,1,12,0,0.23,0.00,0.23,0.23,0.23,0.12,0.00,0.12,0.12,0.12
55,Armando Broja,ALB,FW,Southampton,19,2001,32,21,1975,21.9,6,0,6,6,0,0,2,0,5.9,5.9,1.0,6.9,56,29,114,0.27,0.00,0.27,0.27,0.27,0.27,0.05,0.32,0.27,0.32
56,Josh Brownhill,ENG,MF,Burnley,25,1995,35,32,2955,32.8,2,3,5,2,0,0,10,0,1.4,1.4,2.6,3.9,18,106,37,0.06,0.09,0.15,0.06,0.15,0.04,0.08,0.12,0.04,0.12
57,Lewis Brunt,ENG,MF,Leicester City,20,2000,1,0,24,0.3,0,0,0,0,0,0,0,0,0.0,0.0,0.0,0.0,1,2,2,0.00,0.00,0.00,0.00,0.00,0.00,0.00,0.00,0.00,0.00
58,Emi Buendía,ARG,"MF,FW",Aston Villa,24,1996,35,22,1899,21.1,4,6,10,4,0,0,1,0,3.4,3.4,5.8,9.1,40,117,84,0.19,0.28,0.47,0.19,0.47,0.16,0.27,0.43,0.16,0.43
59,Dan Burn,ENG,DF,Newcastle Utd,29,1992,16,16,1440,16.0,0,1,1,0,0,0,4,0,0.7,0.7,0.4,1.1,6,31,2,0.00,0.06,0.06,0.00,0.06,0.04,0.03,0.07,0.04,0.07
60,Dan Burn,ENG,DF,Brighton,29,1992,13,12,1022,11.4,1,0,1,1,0,0,4,0,1.6,1.5,0.5,2.0,9,50,3,0.09,0.00,0.09,0.09,0.09,0.14,0.04,0.18,0.13,0.17
61,Jack Butland,ENG,GK,Crystal Palace,28,1993,9,8,765,8.5,0,0,0,0,0,0,0,0,0.0,0.0,0.0,0.0,0,0,0,0.00,0.00,0.00,0.00,0.00,0.00,0.00,0.00,0.00,0.00
62,Sam Byram,ENG,DF,Norwich City,27,1993,15,11,1027,11.4,0,0,0,0,0,0,3,0,0.6,0.6,0.2,0.9,11,23,16,0.00,0.00,0.00,0.00,0.00,0.06,0.02,0.08,0.06,0.08
63,Willy Caballero,ARG,GK,Southampton,39,1981,2,2,180,2.0,0,0,0,0,0,0,1,0,0.0,0.0,0.0,0.0,0,0,0,0.00,0.00,0.00,0.00,0.00,0.00,0.00,0.00,0.00,0.00
64,Moisés Caicedo,ECU,MF,Brighton,19,2001,8,8,660,7.3,1,1,2,1,0,0,2,0,0.8,0.8,0.3,1.1,9,22,8,0.14,0.14,0.27,0.14,0.27,0.11,0.04,0.16,0.11,0.16
65,Dominic Calvert-Lewin,ENG,FW,Everton,24,1997,17,15,1283,14.3,5,2,7,3,2,3,2,0,6.5,4.2,1.6,5.7,9,17,50,0.35,0.14,0.49,0.21,0.35,0.46,0.11,0.57,0.29,0.40
66,Chem Campbell,WAL,MF,Wolves,18,2002,1,0,13,0.1,0,0,0,0,0,0,0,0,0.0,0.0,0.0,0.0,0,0,4,0.00,0.00,0.00,0.00,0.00,0.00,0.00,0.00,0.00,0.00
67,João Cancelo,POR,DF,Manchester City,27,1994,36,36,3227,35.9,1,7,8,1,0,0,7,0,4.0,4.0,5.4,9.3,125,357,270,0.03,0.20,0.22,0.03,0.22,0.11,0.15,0.26,0.11,0.26
68,Sergi Canós,ESP,"DF,FW",Brentford,24,1997,31,25,2083,23.1,3,2,5,3,0,0,8,1,3.0,3.0,1.7,4.6,52,59,100,0.13,0.09,0.22,0.13,0.22,0.13,0.07,0.20,0.13,0.20
69,Todd Cantwell,ENG,"FW,MF",Norwich City,23,1998,8,5,441,4.9,0,0,0,0,0,0,2,0,0.1,0.1,0.1,0.3,2,10,17,0.00,0.00,0.00,0.00,0.00,0.03,0.03,0.06,0.03,0.06
70,Matty Cash,POL,DF,Aston Villa,23,1997,38,38,3377,37.5,4,3,7,4,0,0,8,0,2.7,2.7,2.8,5.4,89,96,174,0.11,0.08,0.19,0.11,0.19,0.07,0.07,0.14,0.07,0.14
71,Timothy Castagne,BEL,DF,Leicester City,25,1995,27,22,2127,23.6,1,0,1,1,0,0,1,0,0.7,0.7,1.5,2.2,32,72,115,0.04,0.00,0.04,0.04,0.04,0.03,0.06,0.09,0.03,0.09
72,Jonny Castro,ESP,DF,Wolves,27,1994,13,10,1024,11.4,2,0,2,2,0,0,1,0,1.0,1.0,1.3,2.3,25,35,56,0.18,0.00,0.18,0.18,0.18,0.09,0.12,0.21,0.09,0.21
73,Craig Cathcart,NIR,DF,Watford,32,1989,31,27,2396,26.6,0,1,1,0,0,0,3,0,0.2,0.2,1.2,1.4,6,52,0,0.00,0.04,0.04,0.00,0.04,0.01,0.05,0.05,0.01,0.05
74,Edinson Cavani,URU,FW,Manchester Utd,34,1987,15,7,766,8.5,2,1,3,2,0,0,0,0,3.4,3.4,1.2,4.7,2,9,32,0.23,0.12,0.35,0.23,0.35,0.40,0.14,0.55,0.40,0.55
75,Kayky Chagas,BRA,FW,Manchester City,18,2003,1,0,7,0.1,0,0,0,0,0,0,0,0,0.0,0.0,0.0,0.0,1,0,1,0.00,0.00,0.00,0.00,0.00,0.00,0.00,0.00,0.00,0.00
76,Trevoh Chalobah,ENG,DF,Chelsea,22,1999,20,17,1449,16.1,3,1,4,3,0,0,2,0,1.1,1.1,0.3,1.4,24,88,14,0.19,0.06,0.25,0.19,0.25,0.07,0.02,0.09,0.07,0.09
77,Calum Chambers,ENG,DF,Arsenal,26,1995,2,2,170,1.9,0,0,0,0,0,0,0,0,0.1,0.1,0.1,0.2,0,7,5,0.00,0.00,0.00,0.00,0.00,0.04,0.05,0.08,0.04,0.08
78,Calum Chambers,ENG,DF,Aston Villa,26,1995,11,9,831,9.2,1,0,1,1,0,0,1,0,0.2,0.2,0.1,0.3,3,31,1,0.11,0.00,0.11,0.11,0.11,0.02,0.01,0.03,0.02,0.03
79,Daniel Chesters,ENG,MF,West Ham,19,2002,1,0,1,0.0,0,0,0,0,0,0,0,0,0.0,0.0,0.0,0.0,0,0,0,0.00,0.00,0.00,0.00,0.00,0.00,0.00,0.00,0.00,0.00
80,Ben Chilwell,ENG,DF,Chelsea,24,1996,7,6,542,6.0,3,1,4,3,0,0,0,0,0.9,0.9,0.8,1.7,14,18,46,0.50,0.17,0.66,0.50,0.66,0.15,0.13,0.28,0.15,0.28
81,Chiquinho,POR,"DF,FW",Wolves,21,2000,8,1,208,2.3,0,3,3,0,0,0,0,0,0.6,0.6,0.7,1.3,10,7,35,0.00,1.30,1.30,0.00,1.30,0.26,0.30,0.56,0.26,0.56
82,Hamza Choudhury,ENG,"DF,MF",Leicester City,23,1997,6,4,285,3.2,0,0,0,0,0,0,1,0,0.0,0.0,0.0,0.0,0,5,1,0.00,0.00,0.00,0.00,0.00,0.01,0.00,0.01,0.01,0.01
83,Andreas Christensen,DEN,DF,Chelsea,25,1996,19,17,1496,16.6,0,0,0,0,0,0,2,0,0.6,0.6,0.2,0.8,14,81,5,0.00,0.00,0.00,0.00,0.00,0.04,0.01,0.05,0.04,0.05
84,Carney Chukwuemeka,ENG,"MF,FW",Aston Villa,17,2003,12,2,301,3.3,0,1,1,0,0,0,0,0,0.6,0.6,1.0,1.6,9,7,14,0.00,0.30,0.30,0.00,0.30,0.19,0.28,0.47,0.19,0.47
85,Ciaran Clark,IRL,DF,Newcastle Utd,31,1989,13,12,1014,11.3,0,1,1,0,0,0,2,1,1.1,1.1,0.3,1.4,2,17,6,0.00,0.09,0.09,0.00,0.09,0.10,0.03,0.12,0.10,0.12
86,Tom Cleverley,ENG,MF,Watford,31,1989,28,20,1616,18.0,0,2,2,0,0,0,2,0,0.7,0.7,2.1,2.8,8,64,40,0.00,0.11,0.11,0.00,0.11,0.04,0.12,0.15,0.04,0.15
87,Nathaniel Clyne,ENG,DF,Crystal Palace,30,1991,16,15,1351,15.0,0,1,1,0,0,0,1,0,0.1,0.1,0.4,0.5,14,36,25,0.00,0.07,0.07,0.00,0.07,0.01,0.03,0.04,0.01,0.04
88,Conor Coady,ENG,DF,Wolves,28,1993,38,38,3361,37.3,4,0,4,4,0,0,4,0,2.8,2.8,0.1,2.8,6,35,3,0.11,0.00,0.11,0.11,0.11,0.07,0.00,0.08,0.07,0.08
89,Séamus Coleman,IRL,DF,Everton,32,1988,30,30,2656,29.5,1,0,1,1,0,0,4,0,1.2,1.2,0.8,2.0,40,96,77,0.03,0.00,0.03,0.03,0.03,0.04,0.03,0.07,0.04,0.07
90,Nathan Collins,IRL,DF,Burnley,20,2001,19,18,1670,18.6,2,0,2,2,0,0,2,1,1.5,1.5,1.5,3.0,7,44,8,0.11,0.00,0.11,0.11,0.11,0.08,0.08,0.16,0.08,0.16
91,Aaron Connolly,IRL,"FW,MF",Brighton,21,2000,4,1,156,1.7,0,0,0,0,0,0,0,0,0.4,0.4,0.1,0.5,3,1,7,0.00,0.00,0.00,0.00,0.00,0.21,0.06,0.26,0.21,0.26
92,Liam Cooper,SCO,DF,Leeds United,29,1991,21,21,1814,20.2,0,1,1,0,0,0,5,0,0.4,0.4,0.1,0.5,7,46,2,0.00,0.05,0.05,0.00,0.05,0.02,0.01,0.02,0.02,0.02
93,Jack Cork,ENG,MF,Burnley,32,1989,20,20,1670,18.6,1,0,1,1,0,0,4,0,0.7,0.7,0.3,1.0,12,46,12,0.05,0.00,0.05,0.05,0.05,0.04,0.02,0.05,0.04,0.05
94,Maxwel Cornet,CIV,"FW,MF",Burnley,24,1996,26,21,1766,19.6,9,1,10,9,0,1,2,0,6.7,5.9,1.7,7.7,28,30,125,0.46,0.05,0.51,0.46,0.51,0.34,0.09,0.43,0.30,0.39
95,Hélder Costa,ANG,MF,Leeds United,27,1994,1,0,22,0.2,0,0,0,0,0,0,0,0,0.0,0.0,0.0,0.0,0,0,2,0.00,0.00,0.00,0.00,0.00,0.03,0.00,0.03,0.03,0.03
96,Vladimír Coufal,CZE,DF,West Ham,28,1992,28,25,2209,24.5,0,4,4,0,0,0,5,1,0.8,0.8,2.1,2.9,51,113,119,0.00,0.16,0.16,0.00,0.16,0.03,0.08,0.12,0.03,0.12
97,Philippe Coutinho,BRA,"MF,FW",Aston Villa,29,1992,19,16,1329,14.8,5,3,8,5,0,0,0,0,3.8,3.8,2.9,6.7,48,94,62,0.34,0.20,0.54,0.34,0.54,0.25,0.20,0.45,0.25,0.45
98,Aaron Cresswell,ENG,DF,West Ham,31,1989,31,31,2726,30.3,2,3,5,2,0,0,3,0,1.1,1.1,3.2,4.2,54,186,99,0.07,0.10,0.17,0.07,0.17,0.04,0.10,0.14,0.04,0.14
99,Charlie Cresswell,ENG,DF,Leeds United,18,2002,5,1,141,1.6,0,0,0,0,0,0,1,0,0.1,0.1,0.0,0.1,1,4,0,0.00,0.00,0.00,0.00,0.00,0.05,0.00,0.05,0.05,0.05
100,Cucho,COL,"FW,MF",Watford,22,1999,25,11,1147,12.7,5,2,7,5,0,0,3,0,2.5,2.5,1.9,4.3,22,39,85,0.39,0.16,0.55,0.39,0.55,0.19,0.15,0.34,0.19,0.34
101,Marc Cucurella,ESP,DF,Brighton,23,1998,35,35,3089,34.3,1,1,2,1,0,0,6,0,0.7,0.7,2.7,3.4,104,191,208,0.03,0.03,0.06,0.03,0.06,0.02,0.08,0.10,0.02,0.10
102,Luke Cundle,ENG,MF,Wolves,19,2002,4,2,180,2.0,0,0,0,0,0,0,0,0,0.0,0.0,0.2,0.2,3,9,3,0.00,0.00,0.00,0.00,0.00,0.00,0.12,0.12,0.00,0.12
103,Patson Daka,ZAM,FW,Leicester City,22,1998,23,13,1159,12.9,5,3,8,5,0,0,2,0,4.2,4.2,2.0,6.1,10,17,66,0.39,0.23,0.62,0.39,0.62,0.32,0.15,0.48,0.32,0.48
104,Stuart Dallas,NIR,"DF,MF",Leeds United,30,1991,34,34,2919,32.4,1,1,2,1,0,0,5,0,1.9,1.9,2.3,4.1,82,170,79,0.03,0.03,0.06,0.03,0.06,0.06,0.07,0.13,0.06,0.13
105,Diogo Dalot,POR,DF,Manchester Utd,22,1999,24,19,1801,20.0,0,0,0,0,0,0,4,0,0.6,0.6,1.2,1.7,53,105,75,0.00,0.00,0.00,0.00,0.00,0.03,0.06,0.09,0.03,0.09
106,Karl Darlow,WAL,GK,Newcastle Utd,30,1990,8,8,720,8.0,0,0,0,0,0,0,1,0,0.0,0.0,0.0,0.0,0,0,0,0.00,0.00,0.00,0.00,0.00,0.00,0.00,0.00,0.00,0.00
107,Josh Dasilva,ENG,"MF,FW",Brentford,22,1998,9,2,257,2.9,0,0,0,0,0,0,0,1,0.1,0.1,0.1,0.2,10,11,10,0.00,0.00,0.00,0.00,0.00,0.03,0.05,0.08,0.03,0.08
108,Ben Davies,WAL,DF,Tottenham,28,1993,29,28,2538,28.2,1,1,2,1,0,0,6,0,2.3,2.3,0.5,2.9,62,137,60,0.04,0.04,0.07,0.04,0.07,0.08,0.02,0.10,0.08,0.10
109,Tom Davies,ENG,MF,Everton,23,1998,6,2,234,2.6,1,0,1,1,0,0,1,0,0.8,0.8,0.0,0.8,1,7,3,0.38,0.00,0.38,0.38,0.38,0.32,0.00,0.32,0.32,0.32
110,Keinan Davis,ENG,FW,Aston Villa,23,1998,1,0,12,0.1,0,0,0,0,0,0,0,0,0.0,0.0,0.0,0.0,0,0,1,0.00,0.00,0.00,0.00,0.00,0.00,0.00,0.00,0.00,0.00
111,Craig Dawson,ENG,DF,West Ham,31,1990,34,30,2754,30.6,2,2,4,2,0,0,5,1,3.0,3.0,1.0,4.0,4,54,3,0.07,0.07,0.13,0.07,0.13,0.10,0.03,0.13,0.10,0.13
112,Kevin De Bruyne,BEL,MF,Manchester City,30,1991,30,25,2201,24.5,15,8,23,15,0,0,2,0,5.7,5.7,10.4,16.1,84,204,175,0.61,0.33,0.94,0.61,0.94,0.23,0.42,0.66,0.23,0.66
113,Troy Deeney,ENG,FW,Watford,33,1988,2,0,25,0.3,0,0,0,0,0,0,0,0,0.1,0.1,0.1,0.1,0,1,5,0.00,0.00,0.00,0.00,0.00,0.28,0.25,0.54,0.28,0.54
114,Liam Delap,ENG,FW,Manchester City,18,2003,1,0,10,0.1,0,0,0,0,0,0,0,0,0.0,0.0,0.0,0.0,0,1,0,0.00,0.00,0.00,0.00,0.00,0.00,0.00,0.00,0.00,0.00
115,Fabian Delph,ENG,MF,Everton,31,1989,11,8,662,7.4,0,0,0,0,0,0,2,0,0.0,0.0,0.1,0.1,2,34,3,0.00,0.00,0.00,0.00,0.00,0.00,0.01,0.01,0.00,0.01
116,Leander Dendoncker,BEL,MF,Wolves,26,1995,30,21,1950,21.7,2,2,4,2,0,0,4,0,2.2,2.2,1.1,3.3,9,64,45,0.09,0.09,0.18,0.09,0.18,0.10,0.05,0.15,0.10,0.15
117,Emmanuel Dennis,NGA,"FW,MF",Watford,23,1997,33,30,2581,28.7,10,6,16,10,0,0,9,1,7.3,7.3,4.1,11.3,90,61,172,0.35,0.21,0.56,0.35,0.56,0.26,0.14,0.40,0.25,0.40
118,Kiernan Dewsbury-Hall,ENG,MF,Leicester City,22,1998,28,23,2105,23.4,1,2,3,1,0,0,4,0,1.2,1.2,2.7,3.9,82,132,98,0.04,0.09,0.13,0.04,0.13,0.05,0.12,0.17,0.05,0.17
119,Ibrahima Diallo,FRA,MF,Southampton,22,1999,23,10,1023,11.4,0,2,2,0,0,0,1,0,0.4,0.4,1.0,1.5,17,57,20,0.00,0.18,0.18,0.00,0.18,0.04,0.09,0.13,0.04,0.13
120,Rúben Dias,POR,DF,Manchester City,24,1997,29,27,2402,26.7,2,4,6,2,0,0,5,0,2.7,2.7,3.2,5.9,33,139,4,0.07,0.15,0.22,0.07,0.22,0.10,0.12,0.22,0.10,0.22
121,Luis Díaz,COL,FW,Liverpool,24,1997,13,11,958,10.6,4,3,7,4,0,0,0,0,3.6,3.6,2.6,6.2,53,38,127,0.38,0.28,0.66,0.38,0.66,0.33,0.25,0.58,0.33,0.58
122,Eric Dier,ENG,DF,Tottenham,27,1994,35,35,3071,34.1,0,0,0,0,0,0,1,0,1.2,1.2,1.1,2.3,13,103,6,0.00,0.00,0.00,0.00,0.00,0.04,0.03,0.07,0.04,0.07
123,Lucas Digne,FRA,DF,Aston Villa,28,1993,16,16,1269,14.1,0,4,4,0,0,0,2,0,0.5,0.5,2.2,2.7,34,48,121,0.00,0.28,0.28,0.00,0.28,0.04,0.16,0.19,0.04,0.19
124,Lucas Digne,FRA,DF,Everton,28,1993,13,13,1170,13.0,0,0,0,0,0,0,4,0,0.3,0.3,1.4,1.8,25,49,47,0.00,0.00,0.00,0.00,0.00,0.03,0.11,0.14,0.03,0.14
125,Issa Diop,FRA,DF,West Ham,24,1997,13,10,963,10.7,0,1,1,0,0,0,0,0,0.1,0.1,0.4,0.5,4,14,1,0.00,0.09,0.09,0.00,0.09,0.01,0.04,0.05,0.01,0.05
126,Moussa Djenepo,MLI,MF,Southampton,23,1998,12,5,457,5.1,0,0,0,0,0,0,3,0,1.5,1.5,0.3,1.8,20,18,30,0.00,0.00,0.00,0.00,0.00,0.29,0.06,0.35,0.29,0.35
127,Lewis Dobbin,ENG,"FW,MF",Everton,18,2003,3,0,32,0.4,0,0,0,0,0,0,1,0,0.0,0.0,0.0,0.0,1,1,2,0.00,0.00,0.00,0.00,0.00,0.00,0.00,0.00,0.00,0.00
128,Matt Doherty,IRL,DF,Tottenham,29,1992,15,9,875,9.7,2,4,6,2,0,0,0,0,2.5,2.5,2.0,4.5,29,24,80,0.21,0.41,0.62,0.21,0.62,0.25,0.20,0.46,0.25,0.46
129,Abdoulaye Doucouré,MLI,MF,Everton,28,1993,30,29,2537,28.2,2,4,6,2,0,0,6,0,2.2,2.2,2.0,4.2,33,113,54,0.07,0.14,0.21,0.07,0.21,0.08,0.07,0.15,0.08,0.15
130,Kieran Dowell,ENG,"FW,MF",Norwich City,23,1997,19,11,912,10.1,1,1,2,1,0,0,0,0,1.1,1.1,1.5,2.6,14,31,49,0.10,0.10,0.20,0.10,0.20,0.10,0.15,0.26,0.10,0.26
131,Cody Drameh,ENG,"DF,MF",Leeds United,19,2001,3,1,128,1.4,0,0,0,0,0,0,1,0,0.0,0.0,0.0,0.0,3,6,3,0.00,0.00,0.00,0.00,0.00,0.00,0.02,0.02,0.00,0.02
132,Martin Dúbravka,SVK,GK,Newcastle Utd,32,1989,26,26,2340,26.0,0,0,0,0,0,0,1,0,0.0,0.0,0.0,0.0,0,0,0,0.00,0.00,0.00,0.00,0.00,0.00,0.00,0.00,0.00,0.00
133,Shane Duffy,IRL,DF,Brighton,29,1992,18,15,1436,16.0,1,0,1,1,0,0,7,0,1.0,1.0,0.2,1.2,3,41,3,0.06,0.00,0.06,0.06,0.06,0.06,0.01,0.07,0.06,0.07
134,Paul Dummett,WAL,DF,Newcastle Utd,29,1991,3,2,198,2.2,0,0,0,0,0,0,2,0,0.0,0.0,0.0,0.0,0,5,2,0.00,0.00,0.00,0.00,0.00,0.00,0.00,0.00,0.00,0.00
135,Lewis Dunk,ENG,DF,Brighton,29,1991,29,29,2573,28.6,1,0,1,1,0,0,3,1,1.3,1.3,0.4,1.8,14,83,3,0.03,0.00,0.03,0.03,0.03,0.05,0.01,0.06,0.05,0.06
136,Ederson,BRA,GK,Manchester City,27,1993,37,37,3330,37.0,0,0,0,0,0,0,3,0,0.0,0.0,0.0,0.0,0,3,0,0.00,0.00,0.00,0.00,0.00,0.00,0.00,0.00,0.00,0.00
137,Odsonne Édouard,FRA,FW,Crystal Palace,23,1998,28,18,1564,17.4,6,3,9,5,1,1,4,0,6.4,5.6,1.9,7.5,42,42,109,0.35,0.17,0.52,0.29,0.46,0.37,0.11,0.48,0.32,0.43
138,CJ Egan-Riley,ENG,DF,Manchester City,18,2003,1,0,4,0.0,0,0,0,0,0,0,0,0,0.0,0.0,0.0,0.0,0,0,0,0.00,0.00,0.00,0.00,0.00,0.00,0.00,0.00,0.00,0.00
139,Anthony Elanga,SWE,FW,Manchester Utd,19,2002,21,14,1214,13.5,2,2,4,2,0,0,0,0,2.6,2.6,2.4,5.1,32,18,114,0.15,0.15,0.30,0.15,0.30,0.19,0.18,0.37,0.19,0.37
140,Harvey Elliott,ENG,MF,Liverpool,18,2003,6,4,346,3.8,0,0,0,0,0,0,0,0,0.8,0.8,0.6,1.4,10,36,38,0.00,0.00,0.00,0.00,0.00,0.21,0.16,0.37,0.21,0.37
141,Mohamed Elneny,EGY,MF,Arsenal,29,1992,14,8,806,9.0,0,2,2,0,0,0,1,0,0.2,0.2,0.4,0.6,5,43,2,0.00,0.22,0.22,0.00,0.22,0.02,0.05,0.07,0.02,0.07
142,Mohamed Elyounoussi,NOR,"MF,FW",Southampton,26,1994,30,23,2042,22.7,4,2,6,4,0,0,4,0,5.5,5.5,2.3,7.8,59,81,124,0.18,0.09,0.26,0.18,0.26,0.24,0.10,0.34,0.24,0.34
143,Emerson,BRA,"DF,MF",Tottenham,22,1999,31,26,2286,25.4,1,1,2,1,0,0,5,0,1.5,1.5,2.2,3.6,68,68,175,0.04,0.04,0.08,0.04,0.08,0.06,0.09,0.14,0.06,0.14
144,Christian Eriksen,DEN,MF,Brentford,29,1992,11,10,939,10.4,1,4,5,1,0,0,1,0,1.3,1.3,3.5,4.8,21,82,22,0.10,0.38,0.48,0.10,0.48,0.12,0.34,0.46,0.12,0.46
145,Oghenekaro Etebo,NGA,MF,Watford,25,1995,9,4,401,4.5,0,0,0,0,0,0,3,0,0.1,0.1,0.1,0.2,3,16,1,0.00,0.00,0.00,0.00,0.00,0.01,0.02,0.03,0.01,0.03
146,Jonny Evans,NIR,DF,Leicester City,33,1988,18,16,1348,15.0,1,1,2,1,0,0,3,0,0.6,0.6,0.8,1.4,1,49,4,0.07,0.07,0.13,0.07,0.13,0.04,0.05,0.09,0.04,0.09
147,Eberechi Eze,ENG,"MF,FW",Crystal Palace,23,1998,13,6,605,6.7,1,1,2,1,0,0,1,0,0.4,0.4,0.9,1.3,20,33,38,0.15,0.15,0.30,0.15,0.30,0.07,0.13,0.20,0.07,0.20
148,Łukasz Fabiański,POL,GK,West Ham,36,1985,37,37,3330,37.0,0,0,0,0,0,0,2,0,0.0,0.0,0.0,0.0,0,0,0,0.00,0.00,0.00,0.00,0.00,0.00,0.00,0.00,0.00,0.00
149,Fabinho,BRA,MF,Liverpool,27,1993,29,26,2314,25.7,5,1,6,3,2,2,7,0,3.9,2.4,1.3,3.7,18,134,37,0.19,0.04,0.23,0.12,0.16,0.15,0.05,0.20,0.09,0.14
150,Kiko Femenía,ESP,DF,Watford,30,1991,27,26,2142,23.8,0,5,5,0,0,0,2,0,0.1,0.1,3.6,3.8,40,100,48,0.00,0.21,0.21,0.00,0.21,0.00,0.15,0.16,0.00,0.16
151,Evan Ferguson,IRL,MF,Brighton,16,2004,1,0,23,0.3,0,0,0,0,0,0,0,0,0.0,0.0,0.0,0.0,0,0,1,0.00,0.00,0.00,0.00,0.00,0.00,0.00,0.00,0.00,0.00
152,Nathan Ferguson,ENG,DF,Crystal Palace,20,2000,1,0,9,0.1,0,0,0,0,0,0,0,0,0.0,0.0,0.0,0.0,0,0,0,0.00,0.00,0.00,0.00,0.00,0.00,0.00,0.00,0.00,0.00
153,Bruno Fernandes,POR,MF,Manchester Utd,26,1994,36,35,3111,34.6,10,6,16,10,0,2,10,0,9.7,8.1,9.0,17.1,78,237,190,0.29,0.17,0.46,0.29,0.46,0.28,0.26,0.54,0.23,0.50
154,Álvaro Fernández,ESP,GK,Brentford,23,1998,12,12,1080,12.0,0,0,0,0,0,0,0,0,0.0,0.0,0.0,0.0,0,1,0,0.00,0.00,0.00,0.00,0.00,0.00,0.00,0.00,0.00,0.00
155,Federico Fernández,ARG,DF,Newcastle Utd,32,1989,7,5,523,5.8,0,0,0,0,0,0,0,0,0.4,0.4,0.3,0.7,0,12,1,0.00,0.00,0.00,0.00,0.00,0.07,0.06,0.13,0.07,0.13
156,Fernandinho,BRA,"MF,DF",Manchester City,36,1985,19,10,964,10.7,2,1,3,2,0,0,1,0,1.6,1.6,1.0,2.5,16,81,11,0.19,0.09,0.28,0.19,0.28,0.15,0.09,0.24,0.15,0.24
157,Roberto Firmino,BRA,FW,Liverpool,29,1991,20,10,990,11.0,5,4,9,5,0,0,3,0,4.7,4.7,1.7,6.4,27,40,100,0.45,0.36,0.82,0.45,0.82,0.43,0.16,0.59,0.43,0.59
158,Junior Firpo,DOM,"DF,MF",Leeds United,24,1996,24,19,1711,19.0,0,2,2,0,0,0,11,0,0.9,0.9,1.9,2.8,36,111,72,0.00,0.11,0.11,0.00,0.11,0.05,0.10,0.15,0.05,0.15
159,Ashley Fletcher,ENG,FW,Watford,25,1995,3,0,30,0.3,0,0,0,0,0,0,0,0,0.6,0.6,0.0,0.6,1,0,1,0.00,0.00,0.00,0.00,0.00,1.80,0.00,1.80,1.80,1.80
160,Phil Foden,ENG,FW,Manchester City,21,2000,28,24,2128,23.6,9,5,14,9,0,0,1,0,9.4,9.4,6.3,15.7,71,98,248,0.38,0.21,0.59,0.38,0.59,0.40,0.27,0.66,0.40,0.66
161,Wesley Fofana,FRA,DF,Leicester City,20,2000,7,7,630,7.0,0,0,0,0,0,0,2,0,0.4,0.4,0.0,0.4,10,28,1,0.00,0.00,0.00,0.00,0.00,0.06,0.00,0.06,0.06,0.06
162,Pablo Fornals,ESP,"FW,MF",West Ham,25,1996,36,32,2795,31.1,6,3,9,6,0,0,4,0,4.6,4.6,6.3,10.9,49,191,200,0.19,0.10,0.29,0.19,0.29,0.15,0.20,0.35,0.15,0.35
163,Adam Forshaw,ENG,MF,Leeds United,29,1991,22,17,1530,17.0,0,1,1,0,0,0,5,0,0.5,0.5,1.0,1.5,19,80,26,0.00,0.06,0.06,0.00,0.06,0.03,0.06,0.09,0.03,0.09
164,Marcus Forss,FIN,"FW,MF",Brentford,22,1999,7,1,209,2.3,0,1,1,0,0,0,0,0,0.3,0.3,0.2,0.6,2,6,12,0.00,0.43,0.43,0.00,0.43,0.14,0.10,0.24,0.14,0.24
165,Fraser Forster,ENG,GK,Southampton,33,1988,19,19,1710,19.0,0,0,0,0,0,0,1,0,0.0,0.0,0.0,0.0,0,0,0,0.00,0.00,0.00,0.00,0.00,0.00,0.00,0.00,0.00,0.00
166,Ben Foster,ENG,GK,Watford,38,1983,26,26,2340,26.0,0,1,1,0,0,0,0,0,0.0,0.0,0.1,0.1,0,0,0,0.00,0.04,0.04,0.00,0.04,0.00,0.00,0.00,0.00,0.00
167,Tariqe Fosu,GHA,DF,Brentford,25,1995,1,0,17,0.2,0,0,0,0,0,0,0,0,0.0,0.0,0.0,0.0,3,1,4,0.00,0.00,0.00,0.00,0.00,0.22,0.00,0.22,0.22,0.22
168,Ryan Fraser,SCO,"FW,MF",Newcastle Utd,27,1994,27,18,1465,16.3,2,3,5,2,0,0,3,0,2.7,2.7,2.1,4.7,35,34,86,0.12,0.18,0.31,0.12,0.31,0.16,0.13,0.29,0.16,0.29
169,Fred,BRA,MF,Manchester Utd,28,1993,28,24,2028,22.5,4,4,8,4,0,0,5,0,1.3,1.3,2.2,3.5,17,138,41,0.18,0.18,0.36,0.18,0.36,0.06,0.10,0.16,0.06,0.16
170,Ryan Fredericks,ENG,DF,West Ham,28,1992,7,3,307,3.4,0,0,0,0,0,0,1,0,0.0,0.0,0.1,0.1,4,6,14,0.00,0.00,0.00,0.00,0.00,0.00,0.04,0.04,0.00,0.04
171,Leo Fuhr Hjelde,NOR,"MF,DF",Leeds United,17,2003,2,0,150,1.7,0,0,0,0,0,0,0,0,0.0,0.0,0.0,0.0,1,3,4,0.00,0.00,0.00,0.00,0.00,0.00,0.01,0.01,0.00,0.01
172,Conor Gallagher,ENG,MF,Crystal Palace,21,2000,34,33,2845,31.6,8,3,11,8,0,0,10,0,6.3,6.3,3.1,9.4,42,94,118,0.25,0.09,0.35,0.25,0.35,0.20,0.10,0.30,0.20,0.30
173,Alejandro Garnacho,ARG,"FW,MF",Manchester Utd,17,2004,2,0,13,0.1,0,0,0,0,0,0,0,0,0.0,0.0,0.0,0.0,0,0,0,0.00,0.00,0.00,0.00,0.00,0.00,0.00,0.00,0.00,0.00
174,Dwight Gayle,ENG,"FW,DF",Newcastle Utd,30,1990,8,0,38,0.4,0,0,0,0,0,0,1,0,0.6,0.6,0.3,0.9,0,0,4,0.00,0.00,0.00,0.00,0.00,1.31,0.71,2.02,1.31,2.02
175,Jean-Philippe Gbamin,CIV,MF,Everton,25,1995,3,1,67,0.7,0,0,0,0,0,0,0,0,0.0,0.0,0.0,0.0,1,0,0,0.00,0.00,0.00,0.00,0.00,0.00,0.00,0.00,0.00,0.00
176,David de Gea,ESP,GK,Manchester Utd,30,1990,38,38,3420,38.0,0,0,0,0,0,0,0,0,0.0,0.0,0.0,0.0,0,0,0,0.00,0.00,0.00,0.00,0.00,0.00,0.00,0.00,0.00,0.00
177,Joe Gelhardt,ENG,"FW,MF",Leeds United,19,2002,20,5,746,8.3,2,2,4,2,0,0,4,0,3.0,3.0,1.6,4.6,17,15,55,0.24,0.24,0.48,0.24,0.48,0.36,0.20,0.56,0.36,0.56
178,Anwar El Ghazi,NED,"FW,MF",Aston Villa,26,1995,9,4,386,4.3,1,1,2,0,1,1,2,0,1.1,0.3,0.4,0.7,13,5,38,0.23,0.23,0.47,0.00,0.23,0.25,0.10,0.35,0.06,0.16
179,Anwar El Ghazi,NED,"FW,MF",Everton,26,1995,2,0,13,0.1,0,0,0,0,0,0,0,0,0.0,0.0,0.0,0.0,2,0,2,0.00,0.00,0.00,0.00,0.00,0.00,0.00,0.00,0.00,0.00
180,Saman Ghoddos,IRN,"MF,DF",Brentford,27,1993,17,4,536,6.0,1,1,2,1,0,0,2,0,0.5,0.5,1.2,1.7,7,25,40,0.17,0.17,0.34,0.17,0.34,0.08,0.20,0.28,0.08,0.28
181,Dimitris Giannoulis,GRE,DF,Norwich City,25,1995,18,14,1169,13.0,0,1,1,0,0,0,2,0,0.1,0.1,0.6,0.7,33,40,58,0.00,0.08,0.08,0.00,0.08,0.01,0.05,0.06,0.01,0.06
182,Morgan Gibbs-White,ENG,"DF,FW",Wolves,21,2000,2,0,9,0.1,0,0,0,0,0,0,1,0,0.1,0.1,0.0,0.1,0,2,2,0.00,0.00,0.00,0.00,0.00,1.40,0.00,1.40,1.40,1.40
183,Ben Gibson,ENG,DF,Norwich City,28,1993,28,28,2494,27.7,0,0,0,0,0,0,5,1,1.4,1.4,0.2,1.5,11,68,0,0.00,0.00,0.00,0.00,0.00,0.05,0.01,0.05,0.05,0.05
184,Bryan Gil,ESP,"FW,MF",Tottenham,20,2001,9,0,94,1.0,0,0,0,0,0,0,0,0,0.1,0.1,0.1,0.2,6,7,17,0.00,0.00,0.00,0.00,0.00,0.06,0.11,0.17,0.06,0.17
185,Billy Gilmour,SCO,MF,Norwich City,20,2001,24,21,1855,20.6,0,1,1,0,0,0,2,0,0.9,0.9,1.4,2.3,30,112,17,0.00,0.05,0.05,0.00,0.05,0.04,0.07,0.11,0.04,0.11
186,Ben Godfrey,ENG,DF,Everton,23,1998,23,23,2029,22.5,0,0,0,0,0,0,6,0,1.4,1.4,0.8,2.2,23,67,26,0.00,0.00,0.00,0.00,0.00,0.06,0.03,0.10,0.06,0.10
187,André Gomes,POR,MF,Everton,28,1993,14,7,619,6.9,0,1,1,0,0,0,3,0,0.7,0.7,0.2,0.8,6,25,13,0.00,0.15,0.15,0.00,0.15,0.10,0.03,0.12,0.10,0.12
188,Toti Gomes,POR,DF,Wolves,22,1999,4,4,360,4.0,0,0,0,0,0,0,1,0,0.0,0.0,0.0,0.0,2,7,2,0.00,0.00,0.00,0.00,0.00,0.01,0.00,0.01,0.01,0.01
189,Joe Gomez,ENG,DF,Liverpool,24,1997,8,4,331,3.7,0,1,1,0,0,0,2,0,0.0,0.0,0.8,0.8,11,36,29,0.00,0.27,0.27,0.00,0.27,0.01,0.21,0.22,0.01,0.22
190,Charlie Goode,ENG,DF,Brentford,25,1995,6,4,450,5.0,0,0,0,0,0,0,3,0,0.1,0.1,1.0,1.0,5,18,9,0.00,0.00,0.00,0.00,0.00,0.01,0.19,0.20,0.01,0.20
191,Anthony Gordon,ENG,"MF,FW",Everton,20,2001,35,25,2285,25.4,4,2,6,4,0,0,4,0,3.5,3.5,3.8,7.3,74,51,137,0.16,0.08,0.24,0.16,0.24,0.14,0.15,0.29,0.14,0.29
192,Kaide Gordon,ENG,FW,Liverpool,16,2004,1,0,9,0.1,0,0,0,0,0,0,0,0,0.4,0.4,0.0,0.4,1,0,3,0.00,0.00,0.00,0.00,0.00,4.50,0.00,4.50,4.50,4.50
193,Dan Gosling,ENG,MF,Watford,31,1990,4,2,166,1.8,1,0,1,1,0,0,0,0,0.2,0.2,0.0,0.3,2,4,5,0.54,0.00,0.54,0.54,0.54,0.12,0.02,0.14,0.12,0.14
194,Demarai Gray,JAM,"MF,FW",Everton,25,1996,34,28,2338,26.0,5,4,9,5,0,0,3,0,4.0,4.0,3.6,7.6,93,59,169,0.19,0.15,0.35,0.19,0.35,0.15,0.14,0.29,0.15,0.29
195,Jack Grealish,ENG,FW,Manchester City,25,1995,26,22,1914,21.3,3,3,6,3,0,0,3,0,5.3,5.3,6.0,11.3,153,100,267,0.14,0.14,0.28,0.14,0.28,0.25,0.28,0.53,0.25,0.53
196,Mason Greenwood,ENG,"FW,MF",Manchester Utd,19,2001,18,16,1271,14.1,5,1,6,5,0,0,1,0,4.3,4.3,1.8,6.1,48,39,109,0.35,0.07,0.42,0.35,0.42,0.30,0.13,0.43,0.30,0.43
197,Sam Greenwood,ENG,"MF,FW",Leeds United,19,2002,7,1,237,2.6,0,2,2,0,0,0,0,0,0.3,0.3,0.2,0.5,3,5,10,0.00,0.76,0.76,0.00,0.76,0.11,0.09,0.20,0.11,0.20
198,Pascal Groß,GER,"MF,DF",Brighton,30,1991,29,24,2038,22.6,2,4,6,2,0,1,1,0,2.9,2.1,5.5,7.7,39,149,141,0.09,0.18,0.26,0.09,0.26,0.13,0.24,0.37,0.09,0.34
199,Vicente Guaita,ESP,GK,Crystal Palace,34,1987,30,30,2655,29.5,0,0,0,0,0,0,2,0,0.0,0.0,0.0,0.0,0,0,0,0.00,0.00,0.00,0.00,0.00,0.00,0.00,0.00,0.00,0.00
200,Marc Guéhi,ENG,DF,Crystal Palace,21,2000,36,36,3222,35.8,2,1,3,2,0,0,4,0,2.5,2.5,1.3,3.8,17,111,7,0.06,0.03,0.08,0.06,0.08,0.07,0.04,0.11,0.07,0.11
201,Bruno Guimarães,BRA,MF,Newcastle Utd,23,1997,17,11,1034,11.5,5,1,6,5,0,0,4,0,3.1,3.1,1.1,4.2,18,54,15,0.44,0.09,0.52,0.44,0.52,0.27,0.10,0.37,0.27,0.37
202,İlkay Gündoğan,GER,MF,Manchester City,30,1990,27,20,1857,20.6,8,4,12,8,0,0,1,0,9.0,9.0,4.9,13.9,60,126,107,0.39,0.19,0.58,0.39,0.58,0.44,0.24,0.67,0.44,0.67
203,Angus Gunn,SCO,GK,Norwich City,25,1996,9,9,810,9.0,0,0,0,0,0,0,0,0,0.0,0.0,0.0,0.0,0,0,0,0.00,0.00,0.00,0.00,0.00,0.00,0.00,0.00,0.00,0.00
204,Grant Hanley,SCO,DF,Norwich City,29,1991,33,33,2897,32.2,1,0,1,1,0,0,2,0,2.1,2.1,0.9,3.0,2,27,3,0.03,0.00,0.03,0.03,0.03,0.07,0.03,0.09,0.07,0.09
205,Jack Harrison,ENG,"FW,MF",Leeds United,24,1996,35,32,2639,29.3,8,1,9,8,0,0,3,0,4.4,4.4,3.2,7.6,120,89,234,0.27,0.03,0.31,0.27,0.31,0.15,0.11,0.26,0.15,0.26
206,Kortney Hause,ENG,DF,Aston Villa,26,1995,7,4,397,4.4,1,0,1,1,0,0,0,0,0.1,0.1,0.0,0.1,2,14,3,0.23,0.00,0.23,0.23,0.23,0.03,0.00,0.03,0.03,0.03
207,Kai Havertz,GER,"FW,MF",Chelsea,22,1999,29,22,1809,20.1,8,3,11,8,0,0,3,0,8.7,8.7,2.2,10.9,64,62,203,0.40,0.15,0.55,0.40,0.55,0.43,0.11,0.54,0.43,0.54
208,Isaac Hayden,ENG,"MF,DF",Newcastle Utd,26,1995,14,12,1002,11.1,1,0,1,1,0,0,5,0,0.4,0.4,0.0,0.5,3,15,10,0.09,0.00,0.09,0.09,0.09,0.04,0.00,0.04,0.04,0.04
209,Hwang Hee-chan,KOR,"FW,MF",Wolves,25,1996,30,20,1816,20.2,5,1,6,5,0,0,2,0,4.4,4.4,1.3,5.8,66,57,114,0.25,0.05,0.30,0.25,0.30,0.22,0.07,0.29,0.22,0.29
210,Jordan Henderson,ENG,MF,Liverpool,31,1990,35,29,2597,28.9,2,5,7,2,0,0,3,0,1.5,1.5,3.5,5.0,54,245,116,0.07,0.17,0.24,0.07,0.24,0.05,0.12,0.17,0.05,0.17
211,Jeff Hendrick,IRL,MF,Newcastle Utd,29,1992,3,0,72,0.8,1,0,1,1,0,0,0,0,0.1,0.1,0.0,0.1,1,0,1,1.25,0.00,1.25,1.25,1.25,0.11,0.03,0.14,0.11,0.14
212,Wayne Hennessey,WAL,GK,Burnley,34,1987,2,2,180,2.0,0,0,0,0,0,0,0,0,0.0,0.0,0.2,0.2,0,0,0,0.00,0.00,0.00,0.00,0.00,0.00,0.09,0.09,0.00,0.09
213,Rico Henry,ENG,DF,Brentford,24,1997,34,33,2776,30.8,3,0,3,3,0,0,2,0,1.5,1.5,1.7,3.3,61,81,131,0.10,0.00,0.10,0.10,0.10,0.05,0.06,0.11,0.05,0.11
214,Son Heung-min,KOR,"MF,FW",Tottenham,29,1992,35,35,3006,33.4,23,7,30,23,0,0,2,0,15.9,15.9,7.5,23.4,116,90,242,0.69,0.21,0.90,0.69,0.90,0.48,0.22,0.70,0.48,0.70
215,Ki-Jana Hoever,NED,"DF,MF",Wolves,19,2002,8,4,308,3.4,0,0,0,0,0,0,1,0,0.0,0.0,0.1,0.1,9,5,22,0.00,0.00,0.00,0.00,0.00,0.01,0.02,0.03,0.01,0.03
216,Rob Holding,ENG,DF,Arsenal,25,1995,15,9,845,9.4,1,0,1,1,0,0,4,1,0.4,0.4,0.0,0.4,4,23,0,0.11,0.00,0.11,0.11,0.11,0.04,0.00,0.04,0.04,0.04
217,Mason Holgate,ENG,DF,Everton,24,1996,25,23,2134,23.7,2,1,3,2,0,0,7,1,1.3,1.3,0.1,1.4,4,40,2,0.08,0.04,0.13,0.08,0.13,0.06,0.00,0.06,0.06,0.06
218,Callum Hudson-Odoi,ENG,"MF,FW",Chelsea,20,2000,15,11,962,10.7,1,2,3,1,0,0,1,0,2.5,2.5,2.1,4.6,67,41,102,0.09,0.19,0.28,0.09,0.28,0.23,0.20,0.43,0.23,0.43
219,Will Hughes,ENG,MF,Crystal Palace,26,1995,16,13,1053,11.7,0,1,1,0,0,0,6,0,0.1,0.1,0.6,0.8,5,38,7,0.00,0.09,0.09,0.00,0.09,0.01,0.05,0.06,0.01,0.06
220,Pierre Højbjerg,DEN,MF,Tottenham,25,1995,36,36,3196,35.5,2,2,4,2,0,0,3,0,1.9,1.9,2.3,4.2,46,242,47,0.06,0.06,0.11,0.06,0.11,0.05,0.06,0.12,0.05,0.12
221,Adam Idah,IRL,"FW,MF",Norwich City,20,2001,17,6,625,6.9,1,1,2,1,0,0,0,0,2.3,2.3,0.6,2.9,11,10,48,0.14,0.14,0.29,0.14,0.29,0.33,0.09,0.42,0.33,0.42
222,Kelechi Iheanacho,NGA,FW,Leicester City,24,1996,26,13,1264,14.0,4,5,9,4,0,0,1,0,3.6,3.6,2.5,6.1,28,37,85,0.28,0.36,0.64,0.28,0.64,0.26,0.18,0.43,0.26,0.43
223,Danny Ings,ENG,FW,Aston Villa,29,1992,30,22,1898,21.1,7,6,13,6,1,1,4,0,7.1,6.3,1.6,8.0,24,39,117,0.33,0.28,0.62,0.28,0.57,0.34,0.08,0.41,0.30,0.38
224,Tim Iroegbunam,ENG,MF,Aston Villa,18,2003,3,1,92,1.0,0,0,0,0,0,0,1,0,0.1,0.1,0.0,0.1,1,4,0,0.00,0.00,0.00,0.00,0.00,0.11,0.00,0.11,0.11,0.11
225,Alex Iwobi,NGA,"MF,DF",Everton,25,1996,28,22,2035,22.6,2,2,4,2,0,0,1,0,2.3,2.3,2.6,4.9,44,103,104,0.09,0.09,0.18,0.09,0.18,0.10,0.12,0.22,0.10,0.22
226,Daniel James,WAL,FW,Manchester Utd,23,1997,2,2,126,1.4,0,0,0,0,0,0,0,0,0.2,0.2,0.3,0.6,5,3,16,0.00,0.00,0.00,0.00,0.00,0.18,0.24,0.42,0.18,0.42
227,Daniel James,WAL,"FW,MF",Leeds United,23,1997,32,29,2366,26.3,4,4,8,4,0,0,7,1,6.1,6.1,2.9,8.9,69,57,186,0.15,0.15,0.30,0.15,0.30,0.23,0.11,0.34,0.23,0.34
228,Reece James,ENG,DF,Chelsea,21,1999,26,22,1864,20.7,5,9,14,5,0,0,4,1,3.1,3.1,5.9,9.1,52,149,203,0.24,0.43,0.68,0.24,0.68,0.15,0.29,0.44,0.15,0.44
229,Vitaly Janelt,GER,MF,Brentford,23,1998,31,27,2298,25.5,4,0,4,4,0,0,3,0,2.4,2.4,1.9,4.2,25,103,60,0.16,0.00,0.16,0.16,0.16,0.09,0.07,0.17,0.09,0.17
230,Pontus Jansson,SWE,DF,Brentford,30,1991,37,37,3321,36.9,3,1,4,3,0,0,7,0,3.0,3.0,0.3,3.3,4,67,5,0.08,0.03,0.11,0.08,0.11,0.08,0.01,0.09,0.08,0.09
231,Mathias Jensen,DEN,MF,Brentford,25,1996,31,19,1601,17.8,0,1,1,0,0,0,0,0,2.9,2.9,3.2,6.2,14,103,54,0.00,0.06,0.06,0.00,0.06,0.17,0.18,0.35,0.17,0.35
232,Gabriel Jesus,BRA,FW,Manchester City,24,1997,28,21,1877,20.9,8,8,16,7,1,1,1,0,9.8,9.0,5.7,14.7,51,55,220,0.38,0.38,0.77,0.34,0.72,0.47,0.28,0.74,0.43,0.71
233,Raúl Jiménez,MEX,FW,Wolves,30,1991,34,30,2631,29.2,6,4,10,5,1,1,9,2,6.1,5.4,3.1,8.5,40,65,163,0.21,0.14,0.34,0.17,0.31,0.21,0.10,0.31,0.19,0.29
234,João Pedro,BRA,"FW,MF",Watford,19,2001,28,15,1644,18.3,3,1,4,3,0,0,1,0,3.6,3.6,2.8,6.3,54,77,102,0.16,0.05,0.22,0.16,0.22,0.20,0.15,0.35,0.20,0.35
235,Joelinton,BRA,"MF,FW",Newcastle Utd,24,1996,35,30,2558,28.4,4,1,5,4,0,0,8,0,3.3,3.3,1.9,5.2,45,92,90,0.14,0.04,0.18,0.14,0.18,0.12,0.07,0.18,0.12,0.18
236,Ben Johnson,ENG,DF,West Ham,21,2000,20,16,1397,15.5,1,0,1,1,0,0,1,0,0.2,0.2,0.6,0.7,23,64,67,0.06,0.00,0.06,0.06,0.06,0.01,0.04,0.05,0.01,0.05
237,Curtis Jones,ENG,MF,Liverpool,20,2001,15,10,851,9.5,1,1,2,1,0,0,0,0,0.9,0.9,0.6,1.5,25,58,54,0.11,0.11,0.21,0.11,0.21,0.10,0.07,0.16,0.10,0.16
238,Phil Jones,ENG,DF,Manchester Utd,29,1992,4,2,163,1.8,0,0,0,0,0,0,0,0,0.0,0.0,0.0,0.0,1,2,0,0.00,0.00,0.00,0.00,0.00,0.00,0.00,0.00,0.00,0.00
239,Jorginho,ITA,MF,Chelsea,29,1991,29,26,2273,25.3,6,2,8,0,6,7,5,0,5.8,0.3,2.7,3.0,18,178,19,0.24,0.08,0.32,0.00,0.08,0.23,0.11,0.34,0.01,0.12
240,Diogo Jota,POR,FW,Liverpool,24,1996,35,27,2364,26.3,15,4,19,15,0,0,3,0,16.3,16.3,5.8,22.0,74,87,191,0.57,0.15,0.72,0.57,0.72,0.62,0.22,0.84,0.62,0.84
241,James Justin,ENG,DF,Leicester City,23,1998,13,11,998,11.1,0,0,0,0,0,0,0,0,0.3,0.3,1.0,1.3,23,44,52,0.00,0.00,0.00,0.00,0.00,0.03,0.09,0.12,0.03,0.12
242,Mathias Jørgensen,DEN,DF,Brentford,31,1990,8,6,518,5.8,1,0,1,1,0,0,2,0,0.1,0.1,0.3,0.4,5,18,1,0.17,0.00,0.17,0.17,0.17,0.02,0.05,0.07,0.02,0.07
243,Ozan Kabak,TUR,DF,Norwich City,21,2000,11,11,922,10.2,0,0,0,0,0,0,2,0,0.3,0.3,0.0,0.3,9,20,0,0.00,0.00,0.00,0.00,0.00,0.03,0.00,0.03,0.03,0.03
244,Christian Kabasele,BEL,DF,Watford,30,1991,16,12,1193,13.3,0,0,0,0,0,0,0,0,0.9,0.9,0.2,1.0,5,21,1,0.00,0.00,0.00,0.00,0.00,0.07,0.01,0.08,0.07,0.08
245,Samuel Kalu,NGA,FW,Watford,23,1997,4,2,222,2.5,0,0,0,0,0,0,0,0,0.4,0.4,0.1,0.5,7,8,18,0.00,0.00,0.00,0.00,0.00,0.16,0.04,0.20,0.16,0.20
246,Hassane Kamara,CIV,DF,Watford,27,1994,19,18,1623,18.0,1,0,1,1,0,0,5,1,0.2,0.2,0.6,0.8,32,55,25,0.06,0.00,0.06,0.06,0.06,0.01,0.03,0.04,0.01,0.04
247,Harry Kane,ENG,FW,Tottenham,28,1993,37,36,3232,35.9,17,9,26,13,4,4,5,0,18.6,15.4,9.1,24.5,87,143,212,0.47,0.25,0.72,0.36,0.61,0.52,0.25,0.77,0.43,0.68
248,N'Golo Kanté,FRA,MF,Chelsea,30,1991,26,21,1773,19.7,2,4,6,2,0,0,2,0,1.5,1.5,2.1,3.6,72,159,62,0.10,0.20,0.30,0.10,0.30,0.08,0.11,0.19,0.08,0.19
249,Edo Kayembe,COD,MF,Watford,23,1998,13,9,799,8.9,0,0,0,0,0,0,0,0,0.1,0.1,0.3,0.5,9,47,8,0.00,0.00,0.00,0.00,0.00,0.02,0.04,0.05,0.02,0.05
250,Moise Kean,ITA,FW,Everton,21,2000,1,0,1,0.0,0,0,0,0,0,0,0,0,0.0,0.0,0.0,0.0,0,0,0,0.00,0.00,0.00,0.00,0.00,0.00,0.00,0.00,0.00,0.00
251,Michael Keane,ENG,DF,Everton,28,1993,32,31,2792,31.0,3,2,5,3,0,0,4,1,1.2,1.2,1.6,2.8,9,79,4,0.10,0.06,0.16,0.10,0.16,0.04,0.05,0.09,0.04,0.09
252,Naby Keïta,GUI,MF,Liverpool,26,1995,23,14,1173,13.0,3,1,4,3,0,0,3,0,2.2,2.2,1.9,4.1,39,75,42,0.23,0.08,0.31,0.23,0.31,0.17,0.14,0.31,0.17,0.31
253,Caoimhín Kelleher,IRL,GK,Liverpool,22,1998,2,2,180,2.0,0,0,0,0,0,0,0,0,0.0,0.0,0.0,0.0,0,0,0,0.00,0.00,0.00,0.00,0.00,0.00,0.00,0.00,0.00,0.00
254,Kenedy,BRA,DF,Chelsea,25,1996,1,1,58,0.6,0,1,1,0,0,0,0,0,0.0,0.0,0.6,0.6,2,5,10,0.00,1.55,1.55,0.00,1.55,0.06,0.94,1.00,0.06,1.00
255,Jonjoe Kenny,ENG,DF,Everton,24,1997,15,11,1018,11.3,0,1,1,0,0,0,3,1,0.2,0.2,0.8,1.0,9,36,25,0.00,0.09,0.09,0.00,0.09,0.02,0.07,0.09,0.02,0.09
256,Max Kilman,ENG,DF,Wolves,24,1997,30,30,2687,29.9,1,0,1,1,0,0,3,0,1.1,1.1,0.2,1.3,31,95,7,0.03,0.00,0.03,0.03,0.03,0.04,0.01,0.04,0.04,0.04
257,Joshua King,NOR,FW,Watford,29,1992,32,27,2248,25.0,5,3,8,4,1,1,5,0,8.9,8.1,3.8,11.9,41,39,157,0.20,0.12,0.32,0.16,0.28,0.36,0.15,0.51,0.32,0.48
258,Kristoffer Klaesson,NOR,GK,Leeds United,20,2000,1,0,36,0.4,0,0,0,0,0,0,0,0,0.0,0.0,0.0,0.0,0,0,0,0.00,0.00,0.00,0.00,0.00,0.00,0.00,0.00,0.00,0.00
259,Mateusz Klich,POL,MF,Leeds United,31,1990,33,26,2073,23.0,1,2,3,1,0,0,5,0,2.8,2.8,2.2,5.0,45,105,129,0.04,0.09,0.13,0.04,0.13,0.12,0.10,0.22,0.12,0.22
260,Robin Koch,GER,"MF,DF",Leeds United,25,1996,20,17,1574,17.5,0,0,0,0,0,0,3,0,0.8,0.8,0.4,1.2,3,52,14,0.00,0.00,0.00,0.00,0.00,0.04,0.02,0.07,0.04,0.07
261,Sead Kolašinac,BIH,DF,Arsenal,28,1993,2,1,91,1.0,0,0,0,0,0,0,1,0,0.0,0.0,0.0,0.0,0,0,0,0.00,0.00,0.00,0.00,0.00,0.00,0.00,0.00,0.00,0.00
262,Ibrahima Konaté,FRA,DF,Liverpool,22,1999,11,11,990,11.0,0,0,0,0,0,0,2,0,0.2,0.2,0.0,0.2,7,51,2,0.00,0.00,0.00,0.00,0.00,0.02,0.00,0.02,0.02,0.02
263,Ezri Konsa,ENG,DF,Aston Villa,23,1997,29,29,2477,27.5,2,0,2,2,0,0,6,2,1.6,1.6,0.3,1.9,8,45,7,0.07,0.00,0.07,0.07,0.07,0.06,0.01,0.07,0.06,0.07
264,Cheikhou Kouyaté,SEN,MF,Crystal Palace,31,1989,27,23,1974,21.9,0,1,1,0,0,0,3,0,0.5,0.5,0.8,1.3,7,54,9,0.00,0.05,0.05,0.00,0.05,0.02,0.04,0.06,0.02,0.06
265,Mateo Kovačić,CRO,MF,Chelsea,27,1994,25,16,1558,17.3,2,5,7,2,0,0,4,0,1.6,1.6,3.2,4.7,42,135,37,0.12,0.29,0.40,0.12,0.40,0.09,0.18,0.27,0.09,0.27
266,Emil Krafth,SWE,DF,Newcastle Utd,26,1994,20,18,1634,18.2,0,1,1,0,0,0,5,0,0.3,0.3,1.0,1.3,29,50,24,0.00,0.06,0.06,0.00,0.06,0.02,0.06,0.07,0.02,0.07
267,Alex Král,CZE,MF,West Ham,23,1998,1,0,1,0.0,0,0,0,0,0,0,0,0,0.0,0.0,0.0,0.0,0,0,0,0.00,0.00,0.00,0.00,0.00,0.00,0.00,0.00,0.00,0.00
268,Tim Krul,NED,GK,Norwich City,33,1988,29,29,2610,29.0,0,0,0,0,0,0,1,0,0.0,0.0,0.6,0.6,0,1,0,0.00,0.00,0.00,0.00,0.00,0.00,0.02,0.02,0.00,0.02
269,Juraj Kucka,SVK,MF,Watford,34,1987,26,22,1920,21.3,1,1,2,1,0,0,5,1,3.2,3.2,0.9,4.1,21,60,31,0.05,0.05,0.09,0.05,0.09,0.15,0.04,0.19,0.15,0.19
270,Dejan Kulusevski,SWE,"MF,FW",Tottenham,21,2000,18,14,1261,14.0,5,8,13,5,0,0,3,0,2.7,2.7,3.4,6.2,51,35,100,0.36,0.57,0.93,0.36,0.93,0.20,0.25,0.44,0.20,0.44
271,Alexandre Lacazette,FRA,FW,Arsenal,30,1991,30,20,1782,19.8,4,7,11,2,2,3,0,0,8.4,6.0,3.0,9.1,19,52,106,0.20,0.35,0.56,0.10,0.45,0.42,0.15,0.58,0.30,0.46
272,Adam Lallana,ENG,MF,Brighton,33,1988,24,18,1561,17.3,0,1,1,0,0,0,4,0,1.1,1.1,0.9,2.0,17,76,47,0.00,0.06,0.06,0.00,0.06,0.06,0.05,0.11,0.06,0.11
273,Tariq Lamptey,GHA,"DF,FW",Brighton,20,2000,30,16,1561,17.3,0,2,2,0,0,0,4,0,0.8,0.8,2.6,3.4,81,36,153,0.00,0.12,0.12,0.00,0.12,0.05,0.15,0.20,0.05,0.20
274,Manuel Lanzini,ARG,"MF,FW",West Ham,28,1993,30,19,1786,19.8,5,3,8,2,3,3,2,0,3.7,1.3,2.4,3.7,29,119,57,0.25,0.15,0.40,0.10,0.25,0.19,0.12,0.31,0.07,0.19
275,Aymeric Laporte,ESP,DF,Manchester City,27,1994,33,33,2828,31.4,4,0,4,4,0,0,5,1,4.9,4.9,0.6,5.5,51,271,8,0.13,0.00,0.13,0.13,0.13,0.16,0.02,0.18,0.16,0.18
276,Jamaal Lascelles,ENG,DF,Newcastle Utd,27,1993,26,22,2058,22.9,1,0,1,1,0,0,5,0,0.9,0.9,0.4,1.3,0,18,5,0.04,0.00,0.04,0.04,0.04,0.04,0.02,0.06,0.04,0.06
277,Pierre Lees-Melou,FRA,MF,Norwich City,28,1993,33,27,2265,25.2,1,0,1,1,0,0,5,0,1.6,1.6,1.9,3.6,33,114,60,0.04,0.00,0.04,0.04,0.04,0.06,0.08,0.14,0.06,0.14
278,Aaron Lennon,ENG,"MF,FW",Burnley,34,1987,28,17,1551,17.2,2,0,2,2,0,0,2,0,1.1,1.1,0.5,1.6,38,19,77,0.12,0.00,0.12,0.12,0.12,0.06,0.03,0.09,0.06,0.09
279,Bernd Leno,GER,GK,Arsenal,29,1992,4,4,360,4.0,0,0,0,0,0,0,0,0,0.0,0.0,0.0,0.0,0,0,0,0.00,0.00,0.00,0.00,0.00,0.00,0.00,0.00,0.00,0.00
280,Jamal Lewis,NIR,DF,Newcastle Utd,23,1998,5,4,262,2.9,0,0,0,0,0,0,1,0,0.0,0.0,0.0,0.0,3,7,7,0.00,0.00,0.00,0.00,0.00,0.00,0.01,0.01,0.00,0.01
281,Victor Lindelöf,SWE,DF,Manchester Utd,27,1994,28,26,2355,26.2,0,2,2,0,0,0,4,0,0.2,0.2,0.6,0.8,14,72,3,0.00,0.08,0.08,0.00,0.08,0.01,0.02,0.03,0.01,0.03
282,Jesse Lingard,ENG,"FW,MF",Manchester Utd,28,1992,16,2,367,4.1,2,0,2,2,0,0,1,0,0.6,0.6,0.3,1.0,9,13,22,0.49,0.00,0.49,0.49,0.49,0.16,0.08,0.24,0.16,0.24
283,Valentino Livramento,ENG,DF,Southampton,18,2002,28,25,2202,24.5,1,1,2,1,0,0,2,0,1.4,1.4,2.7,4.1,79,80,118,0.04,0.04,0.08,0.04,0.08,0.06,0.11,0.17,0.06,0.17
284,Diego Llorente,ESP,DF,Leeds United,27,1993,28,28,2340,26.0,3,0,3,3,0,0,7,0,1.0,1.0,0.1,1.0,20,97,1,0.12,0.00,0.12,0.12,0.12,0.04,0.00,0.04,0.04,0.04
285,Hugo Lloris,FRA,GK,Tottenham,34,1986,38,38,3420,38.0,0,0,0,0,0,0,2,0,0.0,0.0,0.2,0.2,0,0,0,0.00,0.00,0.00,0.00,0.00,0.00,0.01,0.01,0.00,0.01
286,Giovani Lo Celso,ARG,"MF,FW",Tottenham,25,1996,9,2,238,2.6,0,0,0,0,0,0,0,0,0.6,0.6,0.7,1.3,10,8,15,0.00,0.00,0.00,0.00,0.00,0.23,0.26,0.49,0.23,0.49
287,Jürgen Locadia,CUW,"MF,FW",Brighton,27,1993,1,0,23,0.3,0,0,0,0,0,0,0,0,0.2,0.2,0.0,0.2,0,0,0,0.00,0.00,0.00,0.00,0.00,0.61,0.00,0.61,0.61,0.61
288,Ruben Loftus-Cheek,ENG,"MF,DF",Chelsea,25,1996,24,13,1394,15.5,0,2,2,0,0,0,1,0,1.2,1.2,2.4,3.6,69,108,53,0.00,0.13,0.13,0.00,0.13,0.08,0.16,0.24,0.08,0.24
289,Kevin Long,IRL,DF,Burnley,30,1990,6,4,410,4.6,0,0,0,0,0,0,1,0,0.2,0.2,0.0,0.2,1,4,0,0.00,0.00,0.00,0.00,0.00,0.03,0.00,0.03,0.03,0.03
290,Shane Long,IRL,FW,Southampton,34,1987,13,3,308,3.4,1,0,1,1,0,0,1,0,0.9,0.9,0.1,1.0,5,3,24,0.29,0.00,0.29,0.29,0.29,0.25,0.04,0.30,0.25,0.30
291,Sean Longstaff,ENG,MF,Newcastle Utd,23,1997,24,15,1464,16.3,1,1,2,1,0,0,1,0,0.7,0.7,0.8,1.6,2,43,15,0.06,0.06,0.12,0.06,0.12,0.05,0.05,0.10,0.05,0.10
292,Ademola Lookman,NGA,"FW,MF",Leicester City,23,1997,26,16,1453,16.1,6,0,6,6,0,0,2,0,4.5,4.5,1.9,6.4,43,54,139,0.37,0.00,0.37,0.37,0.37,0.28,0.11,0.40,0.28,0.40
293,Jonas Lössl,DEN,GK,Brentford,32,1989,2,2,180,2.0,0,0,0,0,0,0,0,0,0.0,0.0,0.0,0.0,0,1,0,0.00,0.00,0.00,0.00,0.00,0.00,0.00,0.00,0.00,0.00
294,Imran Louza,MAR,MF,Watford,22,1999,20,17,1416,15.7,0,0,0,0,0,0,6,0,1.2,1.2,1.1,2.3,17,67,24,0.00,0.00,0.00,0.00,0.00,0.08,0.07,0.15,0.08,0.15
295,Matthew Lowton,ENG,DF,Burnley,32,1989,25,20,1772,19.7,1,2,3,1,0,0,3,1,0.7,0.7,2.1,2.8,21,74,39,0.05,0.10,0.15,0.05,0.15,0.03,0.11,0.14,0.03,0.14
296,Douglas Luiz,BRA,MF,Aston Villa,23,1998,34,31,2715,30.2,2,3,5,2,0,0,7,0,2.0,2.0,2.5,4.4,28,105,44,0.07,0.10,0.17,0.07,0.17,0.07,0.08,0.15,0.07,0.15
297,Romelu Lukaku,BEL,FW,Chelsea,28,1993,26,16,1589,17.7,8,0,8,7,1,1,1,0,6.6,5.8,3.0,8.8,29,19,125,0.45,0.00,0.45,0.40,0.40,0.38,0.17,0.54,0.33,0.50
298,Lyanco,BRA,DF,Southampton,24,1997,15,9,911,10.1,0,0,0,0,0,0,2,0,0.3,0.3,0.1,0.4,3,18,1,0.00,0.00,0.00,0.00,0.00,0.03,0.01,0.04,0.03,0.04
299,Alexis Mac Allister,ARG,"MF,FW",Brighton,22,1998,33,22,2123,23.6,5,2,7,3,2,3,4,0,6.3,4.0,1.9,5.9,30,137,66,0.21,0.08,0.30,0.13,0.21,0.27,0.08,0.35,0.17,0.25
300,James Maddison,ENG,"MF,FW",Leicester City,24,1996,35,28,2459,27.3,12,8,20,12,0,0,3,0,7.5,7.5,5.1,12.7,53,136,141,0.44,0.29,0.73,0.44,0.73,0.28,0.19,0.46,0.28,0.46
301,Gabriel Magalhães,BRA,DF,Arsenal,23,1997,35,35,3063,34.0,5,0,5,5,0,0,8,1,3.2,3.2,0.7,3.9,12,110,9,0.15,0.00,0.15,0.15,0.15,0.09,0.02,0.12,0.09,0.12
302,Harry Maguire,ENG,DF,Manchester Utd,28,1993,30,28,2515,27.9,1,0,1,1,0,0,9,1,1.9,1.9,0.1,2.1,22,115,5,0.04,0.00,0.04,0.04,0.04,0.07,0.00,0.07,0.07,0.07
303,Riyad Mahrez,ALG,FW,Manchester City,30,1991,28,15,1498,16.6,11,5,16,7,4,5,0,0,10.1,6.2,4.2,10.4,74,70,234,0.66,0.30,0.96,0.42,0.72,0.61,0.25,0.86,0.37,0.62
304,Ainsley Maitland-Niles,ENG,MF,Arsenal,23,1997,8,2,268,3.0,0,0,0,0,0,0,0,0,0.1,0.1,0.3,0.3,2,15,8,0.00,0.00,0.00,0.00,0.00,0.02,0.09,0.12,0.02,0.12
305,Sadio Mané,SEN,FW,Liverpool,29,1992,34,32,2819,31.3,16,2,18,16,0,0,5,0,17.2,17.2,5.2,22.5,105,130,305,0.51,0.06,0.57,0.51,0.57,0.55,0.17,0.72,0.55,0.72
306,Javier Manquillo,ESP,DF,Newcastle Utd,27,1994,19,15,1257,14.0,1,2,3,1,0,0,5,0,0.3,0.3,0.3,0.6,6,22,25,0.07,0.14,0.21,0.07,0.21,0.02,0.02,0.04,0.02,0.04
307,Fernando Marçal,BRA,"MF,DF",Wolves,32,1989,18,17,1449,16.1,0,0,0,0,0,0,3,0,0.4,0.4,0.6,1.0,39,50,98,0.00,0.00,0.00,0.00,0.00,0.02,0.04,0.06,0.02,0.06
308,Solly March,ENG,"DF,FW",Brighton,27,1994,31,17,1746,19.4,0,2,2,0,0,0,1,0,1.2,1.2,2.3,3.5,71,69,148,0.00,0.10,0.10,0.00,0.10,0.06,0.12,0.18,0.06,0.18
309,Pablo Marí,ESP,DF,Arsenal,27,1993,2,2,180,2.0,0,0,0,0,0,0,1,0,0.1,0.1,0.1,0.2,0,9,0,0.00,0.00,0.00,0.00,0.00,0.04,0.06,0.10,0.04,0.10
310,Anthony Martial,FRA,FW,Manchester Utd,25,1995,8,2,212,2.4,1,0,1,1,0,0,0,0,0.7,0.7,0.0,0.7,10,14,32,0.42,0.00,0.42,0.42,0.42,0.28,0.00,0.28,0.28,0.28
311,Gabriel Martinelli,BRA,"FW,MF",Arsenal,20,2001,29,21,1860,20.7,6,6,12,5,1,1,3,1,7.3,6.6,4.3,11.0,79,37,207,0.29,0.29,0.58,0.24,0.53,0.35,0.21,0.56,0.32,0.53
312,Emiliano Martínez,ARG,GK,Aston Villa,28,1992,36,36,3240,36.0,0,0,0,0,0,0,4,0,0.0,0.0,0.0,0.0,0,0,0,0.00,0.00,0.00,0.00,0.00,0.00,0.00,0.00,0.00,0.00
313,Adam Masina,MAR,DF,Watford,27,1994,15,13,1077,12.0,0,1,1,0,0,0,0,0,0.3,0.3,0.7,1.0,9,37,12,0.00,0.08,0.08,0.00,0.08,0.03,0.06,0.08,0.03,0.08
314,Arthur Masuaku,COD,"DF,FW",West Ham,27,1993,13,6,650,7.2,1,1,2,1,0,0,1,0,0.1,0.1,0.8,0.9,16,33,26,0.14,0.14,0.28,0.14,0.28,0.01,0.12,0.12,0.01,0.12
315,Juan Mata,ESP,MF,Manchester Utd,33,1988,7,2,235,2.6,0,0,0,0,0,0,0,0,0.3,0.3,0.2,0.6,8,16,13,0.00,0.00,0.00,0.00,0.00,0.12,0.09,0.22,0.12,0.22
316,Jean-Philippe Mateta,FRA,FW,Crystal Palace,24,1997,22,13,1145,12.7,5,1,6,5,0,0,2,0,5.8,5.8,1.3,7.1,16,6,46,0.39,0.08,0.47,0.39,0.47,0.46,0.10,0.56,0.46,0.56
317,Nemanja Matić,SRB,MF,Manchester Utd,32,1988,23,16,1382,15.4,0,4,4,0,0,0,3,0,0.2,0.2,2.0,2.2,32,98,7,0.00,0.26,0.26,0.00,0.26,0.01,0.13,0.14,0.01,0.14
318,Joël Matip,CMR,DF,Liverpool,29,1991,31,31,2790,31.0,3,3,6,3,0,0,2,0,3.4,3.4,1.3,4.6,55,186,7,0.10,0.10,0.19,0.10,0.19,0.11,0.04,0.15,0.11,0.15
319,Neal Maupay,FRA,FW,Brighton,24,1996,32,25,2276,25.3,8,2,10,7,1,2,7,0,8.7,7.1,2.4,9.5,21,48,164,0.32,0.08,0.40,0.28,0.36,0.34,0.10,0.44,0.28,0.38
320,Bryan Mbeumo,CMR,FW,Brentford,21,1999,35,34,2905,32.3,4,7,11,3,1,1,4,0,9.3,8.5,3.7,12.2,81,56,273,0.12,0.22,0.34,0.09,0.31,0.29,0.11,0.40,0.26,0.38
321,James McArthur,SCO,MF,Crystal Palace,33,1987,21,15,1439,16.0,0,3,3,0,0,0,4,0,0.3,0.3,1.4,1.7,29,84,22,0.00,0.19,0.19,0.00,0.19,0.02,0.09,0.11,0.02,0.11
322,James Mcatee,ENG,"MF,FW",Manchester City,18,2002,2,0,20,0.2,0,0,0,0,0,0,0,0,0.1,0.1,0.0,0.1,2,1,3,0.00,0.00,0.00,0.00,0.00,0.37,0.00,0.37,0.37,0.37
323,Kasey McAteer,IRL,FW,Leicester City,19,2001,1,0,3,0.0,0,0,0,0,0,0,0,0,0.0,0.0,0.0,0.0,0,0,0,0.00,0.00,0.00,0.00,0.00,0.00,0.00,0.00,0.00,0.00
324,Liam McCarron,SCO,FW,Leeds United,20,2001,1,0,10,0.1,0,0,0,0,0,0,0,0,0.0,0.0,0.0,0.0,0,0,0,0.00,0.00,0.00,0.00,0.00,0.00,0.00,0.00,0.00,0.00
325,Alex McCarthy,ENG,GK,Southampton,31,1989,17,17,1530,17.0,0,0,0,0,0,0,1,0,0.0,0.0,0.0,0.0,0,0,0,0.00,0.00,0.00,0.00,0.00,0.00,0.00,0.00,0.00,0.00
326,John McGinn,SCO,MF,Aston Villa,26,1994,35,35,3090,34.3,3,4,7,3,0,0,8,0,1.5,1.5,5.3,6.8,52,196,67,0.09,0.12,0.20,0.09,0.20,0.04,0.15,0.20,0.04,0.20
327,Stuart McKinstry,SCO,MF,Leeds United,18,2002,1,0,4,0.0,0,0,0,0,0,0,0,0,0.0,0.0,0.0,0.0,0,0,1,0.00,0.00,0.00,0.00,0.00,0.00,0.00,0.00,0.00,0.00
328,Kenny McLean,SCO,MF,Norwich City,29,1992,31,29,2706,30.1,1,0,1,1,0,0,3,0,1.8,1.8,0.8,2.6,32,99,61,0.03,0.00,0.03,0.03,0.03,0.06,0.03,0.09,0.06,0.09
329,Dwight McNeil,ENG,MF,Burnley,21,1999,38,35,3107,34.5,0,1,1,0,0,0,1,0,2.3,2.3,4.6,6.9,93,104,112,0.00,0.03,0.03,0.00,0.03,0.07,0.13,0.20,0.07,0.20
330,Scott McTominay,SCO,MF,Manchester Utd,24,1996,30,28,2387,26.5,1,1,2,1,0,0,9,0,1.4,1.4,1.5,2.9,40,125,37,0.04,0.04,0.08,0.04,0.08,0.05,0.06,0.11,0.05,0.11
331,Ben Mee,ENG,DF,Burnley,31,1989,21,21,1839,20.4,3,0,3,3,0,0,3,0,2.3,2.3,1.0,3.4,3,38,2,0.15,0.00,0.15,0.15,0.15,0.11,0.05,0.17,0.11,0.17
332,Hannibal Mejbri,TUN,FW,Manchester Utd,18,2003,2,1,68,0.8,0,0,0,0,0,0,2,0,0.1,0.1,0.0,0.1,0,0,4,0.00,0.00,0.00,0.00,0.00,0.09,0.00,0.09,0.09,0.09
333,Benjamin Mendy,FRA,DF,Manchester City,27,1994,1,1,78,0.9,0,0,0,0,0,0,0,0,0.0,0.0,0.1,0.1,4,9,4,0.00,0.00,0.00,0.00,0.00,0.00,0.16,0.16,0.00,0.16
334,Edouard Mendy,SEN,GK,Chelsea,29,1992,34,34,3060,34.0,0,0,0,0,0,0,3,0,0.0,0.0,0.0,0.0,0,0,0,0.00,0.00,0.00,0.00,0.00,0.00,0.00,0.00,0.00,0.00
335,Nampalys Mendy,SEN,MF,Leicester City,29,1992,14,12,1032,11.5,0,0,0,0,0,0,3,0,0.0,0.0,0.0,0.0,9,36,8,0.00,0.00,0.00,0.00,0.00,0.00,0.00,0.00,0.00,0.00
336,Illan Meslier,FRA,GK,Leeds United,21,2000,38,38,3384,37.6,0,0,0,0,0,0,2,0,0.0,0.0,0.0,0.0,0,0,0,0.00,0.00,0.00,0.00,0.00,0.00,0.00,0.00,0.00,0.00
337,Luka Milivojević,SRB,MF,Crystal Palace,30,1991,15,9,774,8.6,0,0,0,0,0,0,1,0,0.3,0.3,0.7,1.0,2,37,4,0.00,0.00,0.00,0.00,0.00,0.03,0.08,0.11,0.03,0.11
338,James Milner,ENG,"MF,DF",Liverpool,35,1986,24,9,853,9.5,0,1,1,0,0,0,2,0,0.4,0.4,2.2,2.5,9,73,38,0.00,0.11,0.11,0.00,0.11,0.04,0.23,0.26,0.04,0.26
339,Yerry Mina,COL,DF,Everton,26,1994,13,11,846,9.4,0,0,0,0,0,0,3,0,0.3,0.3,0.0,0.3,1,20,2,0.00,0.00,0.00,0.00,0.00,0.03,0.00,0.03,0.03,0.03
340,Takumi Minamino,JPN,"FW,MF",Liverpool,26,1995,11,1,186,2.1,3,0,3,3,0,0,1,0,1.6,1.6,0.5,2.2,2,5,15,1.45,0.00,1.45,1.45,1.45,0.79,0.25,1.04,0.79,1.04
341,Tyrone Mings,ENG,DF,Aston Villa,28,1993,36,35,3189,35.4,1,3,4,1,0,0,11,0,1.6,1.6,1.6,3.3,23,91,17,0.03,0.08,0.11,0.03,0.11,0.05,0.05,0.09,0.05,0.09
342,Tyrick Mitchell,ENG,DF,Crystal Palace,21,1999,36,35,3101,34.5,0,2,2,0,0,0,1,0,0.2,0.2,1.7,1.9,41,134,116,0.00,0.06,0.06,0.00,0.06,0.01,0.05,0.05,0.01,0.05
343,Jakub Moder,POL,MF,Brighton,22,1999,28,19,1701,18.9,0,3,3,0,0,0,1,0,2.6,2.6,2.2,4.8,42,89,102,0.00,0.16,0.16,0.00,0.16,0.14,0.12,0.25,0.14,0.25
344,Wesley Moraes,BRA,FW,Aston Villa,24,1996,1,0,1,0.0,0,0,0,0,0,0,0,0,0.0,0.0,0.0,0.0,0,0,0,0.00,0.00,0.00,0.00,0.00,0.00,0.00,0.00,0.00,0.00
345,Tyler Morton,ENG,MF,Liverpool,18,2002,2,1,66,0.7,0,0,0,0,0,0,1,0,0.0,0.0,0.0,0.0,0,4,0,0.00,0.00,0.00,0.00,0.00,0.00,0.00,0.00,0.00,0.00
346,Mason Mount,ENG,MF,Chelsea,22,1999,32,27,2363,26.3,11,10,21,10,1,1,4,0,8.0,7.2,6.7,14.0,92,164,276,0.42,0.38,0.80,0.38,0.76,0.31,0.26,0.56,0.28,0.53
347,Lucas Moura,BRA,"FW,MF",Tottenham,28,1992,34,19,1775,19.7,2,6,8,2,0,0,4,0,2.7,2.7,5.0,7.7,48,99,87,0.10,0.30,0.41,0.10,0.41,0.14,0.25,0.39,0.14,0.39
348,João Moutinho,POR,MF,Wolves,34,1986,35,34,2970,33.0,2,1,3,2,0,0,4,0,1.3,1.3,2.7,3.9,42,196,37,0.06,0.03,0.09,0.06,0.09,0.04,0.08,0.12,0.04,0.12
349,Bali Mumba,ENG,DF,Norwich City,19,2001,1,0,45,0.5,0,0,0,0,0,0,0,0,0.0,0.0,0.0,0.0,1,1,0,0.00,0.00,0.00,0.00,0.00,0.00,0.00,0.00,0.00,0.00
350,Jacob Murphy,ENG,"FW,DF",Newcastle Utd,26,1995,33,13,1473,16.4,1,2,3,1,0,0,4,0,2.2,2.2,2.6,4.8,51,44,80,0.06,0.12,0.18,0.06,0.18,0.13,0.16,0.29,0.13,0.29
351,Enock Mwepu,ZAM,MF,Brighton,23,1998,18,12,996,11.1,2,4,6,2,0,0,2,0,2.1,2.1,1.6,3.7,22,27,44,0.18,0.36,0.54,0.18,0.54,0.19,0.14,0.33,0.19,0.33
352,Vitaliy Mykolenko,UKR,DF,Everton,22,1999,13,12,1055,11.7,1,0,1,1,0,0,0,0,0.5,0.5,0.8,1.2,8,27,27,0.09,0.00,0.09,0.09,0.09,0.04,0.06,0.11,0.04,0.11
353,Marvelous Nakamba,ZIM,MF,Aston Villa,27,1994,16,10,904,10.0,0,0,0,0,0,0,5,0,0.0,0.0,0.0,0.0,5,24,0,0.00,0.00,0.00,0.00,0.00,0.00,0.00,0.00,0.00,0.00
354,Wilfred Ndidi,NGA,"MF,DF",Leicester City,24,1996,19,18,1618,18.0,0,0,0,0,0,0,4,0,0.7,0.7,0.0,0.8,14,57,13,0.00,0.00,0.00,0.00,0.00,0.04,0.00,0.04,0.04,0.04
355,Tanguy Ndombele,FRA,MF,Tottenham,24,1996,9,6,484,5.4,1,1,2,1,0,0,1,0,0.4,0.4,0.4,0.8,14,21,25,0.19,0.19,0.37,0.19,0.37,0.08,0.07,0.16,0.08,0.16
356,Reiss Nelson,ENG,FW,Arsenal,21,1999,1,0,20,0.2,0,0,0,0,0,0,0,0,0.1,0.1,0.0,0.1,0,0,4,0.00,0.00,0.00,0.00,0.00,0.24,0.21,0.45,0.24,0.45
357,Pedro Neto,POR,"FW,MF",Wolves,21,2000,13,5,466,5.2,1,1,2,1,0,0,3,0,1.5,1.5,1.0,2.5,27,10,49,0.19,0.19,0.39,0.19,0.39,0.29,0.20,0.49,0.29,0.49
358,Rúben Neves,POR,MF,Wolves,24,1997,33,31,2661,29.6,4,2,6,4,0,0,9,0,1.1,1.1,3.1,4.3,34,202,19,0.14,0.07,0.20,0.14,0.20,0.04,0.11,0.14,0.04,0.14
359,Jeremy Ngakia,ENG,DF,Watford,20,2000,16,9,903,10.0,0,0,0,0,0,0,0,0,0.1,0.1,0.5,0.6,18,39,20,0.00,0.00,0.00,0.00,0.00,0.01,0.05,0.06,0.01,0.06
360,Saúl Ñíguez,ESP,"DF,MF",Chelsea,26,1994,10,5,480,5.3,0,0,0,0,0,0,1,0,0.3,0.3,0.5,0.9,4,15,27,0.00,0.00,0.00,0.00,0.00,0.07,0.10,0.16,0.07,0.16
361,Eddie Nketiah,ENG,FW,Arsenal,22,1999,21,8,835,9.3,5,1,6,5,0,0,3,0,4.4,4.4,2.0,6.4,27,21,66,0.54,0.11,0.65,0.54,0.65,0.47,0.22,0.69,0.47,0.69
362,Nicolas Nkoulou,CMR,DF,Watford,31,1990,3,2,168,1.9,0,0,0,0,0,0,0,0,0.0,0.0,0.0,0.0,0,2,0,0.00,0.00,0.00,0.00,0.00,0.00,0.01,0.01,0.00,0.01
363,Mark Noble,ENG,MF,West Ham,34,1987,11,3,332,3.7,1,0,1,0,1,2,0,0,1.6,0.0,0.0,0.0,2,14,3,0.27,0.00,0.27,0.00,0.00,0.43,0.00,0.43,0.00,0.00
364,Mathias Normann,NOR,MF,Norwich City,25,1996,23,20,1645,18.3,1,2,3,1,0,0,6,0,0.9,0.9,1.8,2.7,16,75,8,0.05,0.11,0.16,0.05,0.16,0.05,0.10,0.15,0.05,0.15
365,Christian Nørgaard,DEN,MF,Brentford,27,1994,35,35,3054,33.9,3,4,7,3,0,0,8,0,3.8,3.8,3.3,7.1,17,169,31,0.09,0.12,0.21,0.09,0.21,0.11,0.10,0.21,0.11,0.21
366,Angelo Ogbonna,ITA,DF,West Ham,33,1988,11,11,921,10.2,1,0,1,1,0,0,1,0,0.3,0.3,0.0,0.3,2,14,0,0.10,0.00,0.10,0.10,0.10,0.03,0.00,0.03,0.03,0.03
367,Michael Olise,FRA,"FW,MF",Crystal Palace,19,2001,26,12,1141,12.7,2,5,7,2,0,0,4,0,1.7,1.7,3.9,5.6,55,63,110,0.16,0.39,0.55,0.16,0.55,0.13,0.30,0.44,0.13,0.44
368,Robin Olsen,SWE,GK,Aston Villa,31,1990,1,1,90,1.0,0,0,0,0,0,0,0,0,0.0,0.0,0.0,0.0,0,0,0,0.00,0.00,0.00,0.00,0.00,0.00,0.00,0.00,0.00,0.00
369,Andrew Omobamidele,IRL,DF,Norwich City,19,2002,5,4,382,4.2,1,0,1,1,0,0,1,0,0.2,0.2,0.0,0.2,6,14,1,0.24,0.00,0.24,0.24,0.24,0.06,0.00,0.06,0.06,0.06
370,Tyler Onyango,ENG,MF,Everton,18,2003,3,0,28,0.3,0,0,0,0,0,0,0,0,0.0,0.0,0.0,0.0,0,0,0,0.00,0.00,0.00,0.00,0.00,0.15,0.00,0.15,0.15,0.15
371,Frank Onyeka,NGA,MF,Brentford,23,1998,20,12,1045,11.6,0,0,0,0,0,0,4,0,0.8,0.8,0.2,1.0,18,35,27,0.00,0.00,0.00,0.00,0.00,0.07,0.02,0.09,0.07,0.09
372,Divock Origi,BEL,FW,Liverpool,26,1995,7,0,133,1.5,3,0,3,3,0,0,0,0,1.5,1.5,0.0,1.5,3,2,9,2.03,0.00,2.03,2.03,2.03,1.02,0.00,1.02,1.02,1.02
373,Alex Oxlade-Chamberlain,ENG,"MF,FW",Liverpool,27,1993,17,9,785,8.7,2,1,3,2,0,0,0,0,1.3,1.3,1.1,2.5,34,61,63,0.23,0.11,0.34,0.23,0.34,0.15,0.13,0.28,0.15,0.28
374,Cole Palmer,ENG,"FW,MF",Manchester City,19,2002,4,1,123,1.4,0,0,0,0,0,0,0,0,0.4,0.4,0.2,0.6,3,3,15,0.00,0.00,0.00,0.00,0.00,0.31,0.16,0.47,0.31,0.47
375,Emerson Palmieri,ITA,DF,Chelsea,26,1994,1,0,5,0.1,0,0,0,0,0,0,0,0,0.0,0.0,0.0,0.0,0,0,1,0.00,0.00,0.00,0.00,0.00,0.00,0.00,0.00,0.00,0.00
376,Thomas Partey,GHA,MF,Arsenal,28,1993,24,23,2028,22.5,2,1,3,2,0,0,6,0,2.8,2.8,1.0,3.8,20,119,11,0.09,0.04,0.13,0.09,0.13,0.12,0.05,0.17,0.12,0.17
377,Nicolas Pépé,CIV,"FW,MF",Arsenal,26,1995,20,5,696,7.7,1,2,3,1,0,0,0,0,2.6,2.6,1.7,4.3,20,17,97,0.13,0.26,0.39,0.13,0.39,0.34,0.22,0.56,0.34,0.56
378,Ricardo Pereira,POR,DF,Leicester City,27,1993,14,13,991,11.0,1,3,4,1,0,0,3,0,0.7,0.7,1.3,2.0,28,43,34,0.09,0.27,0.36,0.09,0.36,0.06,0.12,0.18,0.06,0.18
379,Ayoze Pérez,ESP,"MF,FW",Leicester City,28,1993,14,6,445,4.9,2,3,5,2,0,0,0,1,1.6,1.6,1.6,3.2,16,18,30,0.40,0.61,1.01,0.40,1.01,0.32,0.32,0.64,0.32,0.64
380,Sonny Perkins,ENG,MF,West Ham,17,2004,1,0,4,0.0,0,0,0,0,0,0,0,0,0.0,0.0,0.0,0.0,0,0,0,0.00,0.00,0.00,0.00,0.00,0.00,0.00,0.00,0.00,0.00
381,Romain Perraud,FRA,DF,Southampton,23,1997,20,18,1623,18.0,0,1,1,0,0,0,3,0,0.5,0.5,0.7,1.2,34,48,91,0.00,0.06,0.06,0.00,0.06,0.03,0.04,0.07,0.03,0.07
382,Kalvin Phillips,ENG,MF,Leeds United,25,1995,20,18,1596,17.7,0,1,1,0,0,0,4,0,0.7,0.7,0.7,1.4,6,93,14,0.00,0.06,0.06,0.00,0.06,0.04,0.04,0.08,0.04,0.08
383,Jaden Philogene Bidace,ENG,FW,Aston Villa,19,2002,1,0,5,0.1,0,0,0,0,0,0,0,0,0.0,0.0,0.0,0.0,0,0,0,0.00,0.00,0.00,0.00,0.00,0.00,0.00,0.00,0.00,0.00
384,Jordan Pickford,ENG,GK,Everton,27,1994,35,35,3150,35.0,0,0,0,0,0,0,2,0,0.0,0.0,0.1,0.1,0,0,0,0.00,0.00,0.00,0.00,0.00,0.00,0.00,0.00,0.00,0.00
385,Erik Pieters,NED,DF,Burnley,32,1988,12,8,730,8.1,0,1,1,0,0,0,1,0,0.2,0.2,1.0,1.2,7,15,11,0.00,0.12,0.12,0.00,0.12,0.02,0.12,0.14,0.02,0.14
386,Ethan Pinnock,JAM,DF,Brentford,28,1993,32,32,2694,29.9,1,1,2,1,0,0,1,0,1.2,1.2,1.2,2.4,11,77,18,0.03,0.03,0.07,0.03,0.07,0.04,0.04,0.08,0.04,0.08
387,Daniel Podence,POR,"FW,MF",Wolves,25,1995,26,15,1484,16.5,2,3,5,2,0,0,2,0,2.0,2.0,3.9,5.9,63,75,102,0.12,0.18,0.30,0.12,0.30,0.12,0.23,0.36,0.12,0.36
388,Paul Pogba,FRA,"MF,FW",Manchester Utd,28,1993,20,16,1349,15.0,1,9,10,1,0,0,7,1,2.6,2.6,3.5,6.1,34,117,62,0.07,0.60,0.67,0.07,0.67,0.18,0.23,0.41,0.18,0.41
389,Nick Pope,ENG,GK,Burnley,29,1992,36,36,3240,36.0,0,0,0,0,0,0,1,0,0.0,0.0,0.1,0.1,0,0,0,0.00,0.00,0.00,0.00,0.00,0.00,0.00,0.00,0.00,0.00
390,Isaac Price,NIR,MF,Everton,17,2003,1,0,14,0.2,0,0,0,0,0,0,0,0,0.1,0.1,0.0,0.1,0,0,1,0.00,0.00,0.00,0.00,0.00,0.56,0.00,0.56,0.56,0.56
391,Teemu Pukki,FIN,FW,Norwich City,31,1990,37,37,3253,36.1,11,3,14,8,3,3,4,0,11.4,9.1,3.8,12.9,62,34,186,0.30,0.08,0.39,0.22,0.30,0.32,0.11,0.42,0.25,0.36
392,Christian Pulisic,USA,"MF,FW",Chelsea,22,1998,22,13,1290,14.3,6,2,8,6,0,0,2,0,4.9,4.9,1.3,6.2,44,38,108,0.42,0.14,0.56,0.42,0.56,0.34,0.09,0.43,0.34,0.43
393,Przemysław Płacheta,POL,"FW,MF",Norwich City,23,1998,12,6,504,5.6,0,0,0,0,0,0,1,0,0.4,0.4,0.8,1.1,19,10,35,0.00,0.00,0.00,0.00,0.00,0.07,0.14,0.20,0.07,0.20
394,Jesurun Rak Sakyi,ENG,"FW,MF",Crystal Palace,18,2002,2,1,80,0.9,0,0,0,0,0,0,0,0,0.0,0.0,0.0,0.0,2,0,4,0.00,0.00,0.00,0.00,0.00,0.00,0.00,0.00,0.00,0.00
395,Aaron Ramsdale,ENG,GK,Arsenal,23,1998,34,34,3060,34.0,0,0,0,0,0,0,1,0,0.0,0.0,0.0,0.0,0,1,0,0.00,0.00,0.00,0.00,0.00,0.00,0.00,0.00,0.00,0.00
396,Jacob Ramsey,ENG,MF,Aston Villa,20,2001,34,29,2467,27.4,6,1,7,6,0,0,6,0,4.0,4.0,1.9,5.9,91,132,92,0.22,0.04,0.26,0.22,0.26,0.15,0.07,0.22,0.15,0.22
397,Raphinha,BRA,"FW,MF",Leeds United,24,1996,35,34,2915,32.4,11,3,14,7,4,4,7,0,10.2,7.0,7.5,14.5,89,134,286,0.34,0.09,0.43,0.22,0.31,0.31,0.23,0.54,0.22,0.45
398,Marcus Rashford,ENG,"FW,MF",Manchester Utd,23,1997,25,13,1235,13.7,4,2,6,4,0,0,2,0,2.9,2.9,2.1,5.0,50,28,118,0.29,0.15,0.44,0.29,0.44,0.21,0.15,0.36,0.21,0.36
399,Milot Rashica,KVX,"FW,MF",Norwich City,25,1996,31,25,2229,24.8,1,2,3,1,0,0,0,0,2.6,2.6,2.1,4.7,76,46,138,0.04,0.08,0.12,0.04,0.12,0.11,0.08,0.19,0.11,0.19
400,David Raya,ESP,GK,Brentford,25,1995,24,24,2160,24.0,0,0,0,0,0,0,1,0,0.0,0.0,0.0,0.0,0,3,0,0.00,0.00,0.00,0.00,0.00,0.00,0.00,0.00,0.00,0.00
401,Nathan Redmond,ENG,"MF,FW",Southampton,27,1994,27,20,1833,20.4,1,5,6,1,0,0,0,0,1.7,1.7,3.9,5.6,71,95,131,0.05,0.25,0.29,0.05,0.29,0.08,0.19,0.27,0.08,0.27
402,Sergio Reguilón,ESP,"DF,MF",Tottenham,24,1996,25,22,1916,21.3,2,3,5,2,0,0,4,0,3.0,3.0,3.3,6.4,63,50,144,0.09,0.14,0.23,0.09,0.23,0.14,0.16,0.30,0.14,0.30
403,Declan Rice,ENG,MF,West Ham,22,1999,36,35,3179,35.3,1,4,5,1,0,0,8,0,1.1,1.1,1.7,2.8,104,256,44,0.03,0.11,0.14,0.03,0.14,0.03,0.05,0.08,0.03,0.08
404,Taylor Richards,ENG,MF,Brighton,20,2000,2,0,25,0.3,0,0,0,0,0,0,0,0,0.0,0.0,0.0,0.0,1,3,7,0.00,0.00,0.00,0.00,0.00,0.05,0.04,0.09,0.05,0.09
405,Richarlison,BRA,FW,Everton,24,1997,30,28,2523,28.0,10,5,15,7,3,3,9,0,9.2,6.8,3.6,10.4,44,42,146,0.36,0.18,0.54,0.25,0.43,0.33,0.13,0.46,0.24,0.37
406,Jaïro Riedewald,NED,MF,Crystal Palace,24,1996,3,1,118,1.3,0,0,0,0,0,0,0,0,0.0,0.0,0.1,0.1,1,4,2,0.00,0.00,0.00,0.00,0.00,0.00,0.07,0.07,0.00,0.07
407,Matt Ritchie,SCO,DF,Newcastle Utd,31,1989,18,14,1337,14.9,0,2,2,0,0,0,5,0,0.7,0.7,2.0,2.7,8,48,40,0.00,0.13,0.13,0.00,0.13,0.05,0.13,0.18,0.05,0.18
408,Connor Roberts,WAL,DF,Burnley,25,1995,21,19,1692,18.8,1,1,2,1,0,0,2,0,0.4,0.4,1.2,1.6,23,61,44,0.05,0.05,0.11,0.05,0.11,0.02,0.07,0.09,0.02,0.09
409,Tyler Roberts,WAL,"MF,FW",Leeds United,22,1999,23,7,987,11.0,1,1,2,1,0,0,5,0,2.4,2.4,1.0,3.4,17,29,63,0.09,0.09,0.18,0.09,0.18,0.22,0.09,0.31,0.22,0.31
410,Andrew Robertson,SCO,DF,Liverpool,27,1994,29,29,2537,28.2,3,10,13,3,0,0,5,1,1.4,1.4,5.6,7.0,96,186,239,0.11,0.35,0.46,0.11,0.46,0.05,0.20,0.25,0.05,0.25
411,Joe Rodon,WAL,DF,Tottenham,23,1997,3,0,89,1.0,0,0,0,0,0,0,0,0,0.0,0.0,0.0,0.0,0,0,0,0.00,0.00,0.00,0.00,0.00,0.00,0.00,0.00,0.00,0.00
412,Rodri,ESP,MF,Manchester City,25,1996,33,33,2884,32.0,7,2,9,7,0,0,5,0,2.3,2.3,1.4,3.7,43,285,47,0.22,0.06,0.28,0.22,0.28,0.07,0.04,0.11,0.07,0.11
413,Rodrigo,ESP,"MF,FW",Leeds United,30,1991,31,27,2265,25.2,6,1,7,5,1,1,9,0,4.2,3.5,3.1,6.6,47,105,164,0.24,0.04,0.28,0.20,0.24,0.17,0.12,0.29,0.14,0.26
414,Jay Rodriguez,ENG,FW,Burnley,32,1989,29,13,1382,15.4,2,2,4,2,0,0,3,0,4.8,4.8,2.1,6.9,18,19,60,0.13,0.13,0.26,0.13,0.26,0.31,0.14,0.45,0.31,0.45
415,Mads Roerslev,DEN,DF,Brentford,22,1999,21,12,1240,13.8,1,1,2,1,0,0,1,0,0.4,0.4,0.6,0.9,14,22,54,0.07,0.07,0.15,0.07,0.15,0.03,0.04,0.07,0.03,0.07
416,Cristian Romero,ARG,DF,Tottenham,23,1998,22,21,1844,20.5,1,0,1,1,0,0,8,0,0.5,0.5,0.3,0.7,23,65,9,0.05,0.00,0.05,0.05,0.05,0.02,0.01,0.04,0.02,0.04
417,Oriol Romeu,ESP,MF,Southampton,29,1991,36,34,2889,32.1,2,2,4,2,0,0,9,0,1.4,1.4,2.9,4.3,38,156,29,0.06,0.06,0.12,0.06,0.12,0.04,0.09,0.13,0.04,0.13
418,Cristiano Ronaldo,POR,FW,Manchester Utd,36,1985,30,27,2456,27.3,18,3,21,15,3,3,8,0,17.7,15.4,2.9,18.2,67,64,192,0.66,0.11,0.77,0.55,0.66,0.65,0.11,0.75,0.56,0.67
419,Salomón Rondón,VEN,FW,Everton,31,1989,20,8,790,8.8,1,1,2,1,0,0,3,1,1.8,1.8,0.7,2.6,5,9,41,0.11,0.11,0.23,0.11,0.23,0.21,0.08,0.29,0.21,0.29
420,Danny Rose,ENG,DF,Watford,31,1990,8,7,689,7.7,0,0,0,0,0,0,4,0,0.2,0.2,0.8,1.0,12,33,19,0.00,0.00,0.00,0.00,0.00,0.03,0.10,0.13,0.03,0.13
421,Jon Rowe,ENG,"FW,MF",Norwich City,18,2003,13,0,223,2.5,0,1,1,0,0,0,0,0,0.3,0.3,0.5,0.8,4,3,21,0.00,0.40,0.40,0.00,0.40,0.10,0.21,0.31,0.10,0.31
422,John Ruddy,ENG,GK,Wolves,34,1986,2,1,135,1.5,0,0,0,0,0,0,0,0,0.0,0.0,0.0,0.0,0,0,0,0.00,0.00,0.00,0.00,0.00,0.00,0.00,0.00,0.00,0.00
423,Antonio Rüdiger,GER,DF,Chelsea,28,1993,34,34,3035,33.7,3,0,3,3,0,0,9,0,2.3,2.3,0.7,3.0,54,188,21,0.09,0.00,0.09,0.09,0.09,0.07,0.02,0.09,0.07,0.09
424,Lukas Rupp,GER,MF,Norwich City,30,1991,19,7,769,8.5,0,0,0,0,0,0,0,0,0.7,0.7,1.4,2.0,17,35,23,0.00,0.00,0.00,0.00,0.00,0.08,0.16,0.24,0.08,0.24
425,José Sá,POR,GK,Wolves,28,1993,37,37,3285,36.5,0,1,1,0,0,0,3,0,0.0,0.0,0.9,0.9,0,2,0,0.00,0.03,0.03,0.00,0.03,0.00,0.02,0.02,0.00,0.02
426,Allan Saint-Maximin,FRA,"FW,MF",Newcastle Utd,24,1997,35,31,2804,31.2,5,5,10,5,0,0,6,0,5.2,5.2,4.3,9.5,180,87,167,0.16,0.16,0.32,0.16,0.32,0.17,0.14,0.30,0.17,0.30
427,Romain Saïss,MAR,DF,Wolves,31,1990,31,31,2705,30.1,2,0,2,2,0,0,6,0,2.7,2.7,0.3,3.1,18,137,9,0.07,0.00,0.07,0.07,0.07,0.09,0.01,0.10,0.09,0.10
428,Bukayo Saka,ENG,"FW,MF",Arsenal,19,2001,38,36,2978,33.1,11,7,18,9,2,2,6,0,10.3,8.7,7.5,16.3,140,101,388,0.33,0.21,0.54,0.27,0.48,0.31,0.23,0.54,0.26,0.49
429,Mohamed Salah,EGY,FW,Liverpool,29,1992,35,30,2762,30.7,23,13,36,18,5,6,1,0,22.7,17.8,10.0,27.8,125,122,451,0.75,0.42,1.17,0.59,1.01,0.74,0.33,1.07,0.58,0.91
430,Mohammed Salisu,GHA,DF,Southampton,22,1999,34,33,2972,33.0,0,0,0,0,0,0,10,1,2.0,2.0,0.8,2.7,31,136,7,0.00,0.00,0.00,0.00,0.00,0.06,0.02,0.08,0.06,0.08
431,Albert Sambi Lokonga,BEL,MF,Arsenal,21,1999,19,12,1134,12.6,0,0,0,0,0,0,5,0,0.6,0.6,1.0,1.6,28,84,16,0.00,0.00,0.00,0.00,0.00,0.05,0.08,0.13,0.05,0.13
432,Davinson Sánchez,COL,DF,Tottenham,25,1996,23,17,1631,18.1,2,0,2,2,0,0,4,0,2.1,2.1,0.3,2.4,21,65,8,0.11,0.00,0.11,0.11,0.11,0.11,0.02,0.13,0.11,0.13
433,Robert Sánchez,ESP,GK,Brighton,23,1997,37,37,3329,37.0,0,0,0,0,0,0,3,1,0.0,0.0,0.4,0.4,0,1,0,0.00,0.00,0.00,0.00,0.00,0.00,0.01,0.01,0.00,0.01
434,Jadon Sancho,ENG,"FW,MF",Manchester Utd,21,2000,29,20,1900,21.1,3,3,6,3,0,0,0,0,3.6,3.6,4.1,7.7,111,88,222,0.14,0.14,0.28,0.14,0.28,0.17,0.19,0.37,0.17,0.37
435,Morgan Sanson,FRA,MF,Aston Villa,26,1994,10,3,356,4.0,0,0,0,0,0,0,0,0,0.0,0.0,0.0,0.0,16,21,10,0.00,0.00,0.00,0.00,0.00,0.00,0.01,0.01,0.00,0.01
436,Samir Santos,BRA,DF,Watford,26,1994,19,19,1673,18.6,0,0,0,0,0,0,4,0,0.5,0.5,0.1,0.6,1,24,2,0.00,0.00,0.00,0.00,0.00,0.03,0.00,0.03,0.03,0.03
437,Josh Sargent,USA,"FW,MF",Norwich City,21,2000,26,18,1572,17.5,2,1,3,2,0,0,1,0,2.5,2.5,0.9,3.4,21,12,88,0.11,0.06,0.17,0.11,0.17,0.14,0.05,0.19,0.14,0.19
438,Jeremy Sarmiento,ECU,"FW,MF",Brighton,19,2002,5,1,48,0.5,0,0,0,0,0,0,0,0,0.0,0.0,0.0,0.0,4,1,3,0.00,0.00,0.00,0.00,0.00,0.00,0.00,0.00,0.00,0.00
439,Ismaila Sarr,SEN,"FW,MF",Watford,23,1998,22,21,1861,20.7,5,2,7,5,0,1,2,0,4.8,4.0,2.9,6.9,79,52,158,0.24,0.10,0.34,0.24,0.34,0.23,0.14,0.37,0.19,0.34
440,Malang Sarr,FRA,DF,Chelsea,22,1999,8,6,546,6.1,0,0,0,0,0,0,2,0,0.0,0.0,0.4,0.4,9,23,15,0.00,0.00,0.00,0.00,0.00,0.01,0.06,0.07,0.01,0.07
441,Dane Scarlett,ENG,MF,Tottenham,17,2004,1,0,4,0.0,0,0,0,0,0,0,0,0,0.0,0.0,0.0,0.0,0,0,0,0.00,0.00,0.00,0.00,0.00,0.00,0.00,0.00,0.00,0.00
442,Fabian Schär,SUI,DF,Newcastle Utd,29,1991,25,25,2158,24.0,2,2,4,2,0,0,4,0,1.2,1.2,1.1,2.3,20,59,2,0.08,0.08,0.17,0.08,0.17,0.05,0.05,0.10,0.05,0.10
443,Jeffrey Schlupp,GHA,"MF,FW",Crystal Palace,28,1992,32,20,1851,20.6,4,1,5,4,0,0,1,0,3.4,3.4,1.6,4.9,31,70,60,0.19,0.05,0.24,0.19,0.24,0.16,0.08,0.24,0.16,0.24
444,Kasper Schmeichel,DEN,GK,Leicester City,34,1986,37,37,3330,37.0,0,0,0,0,0,0,2,0,0.0,0.0,0.0,0.0,1,2,0,0.00,0.00,0.00,0.00,0.00,0.00,0.00,0.00,0.00,0.00
445,Ken Sema,SWE,"MF,FW",Watford,27,1993,18,7,852,9.5,0,0,0,0,0,0,1,0,0.1,0.1,1.3,1.4,19,8,36,0.00,0.00,0.00,0.00,0.00,0.01,0.13,0.15,0.01,0.15
446,Nélson Semedo,POR,"MF,DF",Wolves,27,1993,25,25,2131,23.7,0,1,1,0,0,0,1,0,1.6,1.6,1.3,2.9,79,78,146,0.00,0.04,0.04,0.00,0.04,0.07,0.06,0.12,0.07,0.12
447,Ryan Sessegnon,ENG,"DF,MF",Tottenham,21,2000,15,13,1047,11.6,0,2,2,0,0,0,2,0,0.3,0.3,2.7,3.0,30,22,80,0.00,0.17,0.17,0.00,0.17,0.03,0.23,0.26,0.03,0.26
448,Jamie Shackleton,ENG,"DF,MF",Leeds United,21,1999,14,7,709,7.9,0,0,0,0,0,0,4,0,0.2,0.2,0.0,0.2,20,36,20,0.00,0.00,0.00,0.00,0.00,0.02,0.00,0.02,0.02,0.02
449,Luke Shaw,ENG,DF,Manchester Utd,26,1995,20,19,1601,17.8,0,3,3,0,0,0,8,0,0.1,0.1,3.6,3.7,48,82,69,0.00,0.17,0.17,0.00,0.17,0.01,0.20,0.21,0.01,0.21
450,Jonjo Shelvey,ENG,MF,Newcastle Utd,29,1992,24,22,1983,22.0,2,1,3,2,0,0,7,1,0.9,0.9,1.0,1.9,11,84,7,0.09,0.05,0.14,0.09,0.14,0.04,0.05,0.09,0.04,0.09
451,Shola Shoretire,ENG,MF,Manchester Utd,17,2004,1,0,16,0.2,0,0,0,0,0,0,0,0,0.0,0.0,0.0,0.0,0,0,1,0.00,0.00,0.00,0.00,0.00,0.00,0.00,0.00,0.00,0.00
452,Francisco Sierralta,CHI,DF,Watford,24,1997,5,5,427,4.7,0,0,0,0,0,0,0,0,0.1,0.1,0.0,0.1,1,2,0,0.00,0.00,0.00,0.00,0.00,0.01,0.00,0.01,0.01,0.01
453,Bernardo Silva,POR,"MF,FW",Manchester City,26,1994,35,33,2857,31.7,8,4,12,8,0,0,6,0,6.7,6.7,6.5,13.2,146,170,277,0.25,0.13,0.38,0.25,0.38,0.21,0.21,0.42,0.21,0.42
454,Fábio Silva,POR,FW,Wolves,19,2002,22,6,572,6.4,0,0,0,0,0,0,0,0,1.8,1.8,0.2,1.9,14,14,41,0.00,0.00,0.00,0.00,0.00,0.28,0.03,0.30,0.28,0.30
455,Thiago Silva,BRA,DF,Chelsea,36,1984,32,28,2650,29.4,3,0,3,3,0,0,2,0,0.9,0.9,0.2,1.1,14,145,2,0.10,0.00,0.10,0.10,0.10,0.03,0.01,0.04,0.03,0.04
456,Ellis Simms,ENG,FW,Everton,20,2001,1,1,61,0.7,0,0,0,0,0,0,0,0,0.0,0.0,0.0,0.0,0,0,2,0.00,0.00,0.00,0.00,0.00,0.00,0.00,0.00,0.00,0.00
457,Moussa Sissoko,FRA,MF,Watford,31,1989,36,36,3220,35.8,2,1,3,2,0,0,5,0,3.8,3.7,3.1,6.8,51,116,71,0.06,0.03,0.08,0.06,0.08,0.11,0.09,0.19,0.10,0.19
458,Oliver Skipp,ENG,MF,Tottenham,20,2000,18,14,1350,15.0,0,0,0,0,0,0,6,0,0.2,0.2,0.7,1.0,27,76,18,0.00,0.00,0.00,0.00,0.00,0.02,0.05,0.07,0.02,0.07
459,William Smallbone,IRL,"MF,FW",Southampton,21,2000,4,2,133,1.5,0,0,0,0,0,0,0,0,0.1,0.1,0.0,0.1,4,2,7,0.00,0.00,0.00,0.00,0.00,0.03,0.03,0.06,0.03,0.06
460,Emile Smith Rowe,ENG,"MF,FW",Arsenal,21,2000,33,21,1921,21.3,10,2,12,10,0,0,1,0,6.0,6.0,2.0,8.0,65,85,139,0.47,0.09,0.56,0.47,0.56,0.28,0.09,0.38,0.28,0.38
461,Cédric Soares,POR,DF,Arsenal,29,1991,21,16,1486,16.5,1,1,2,1,0,0,3,0,0.6,0.6,1.6,2.1,17,84,56,0.06,0.06,0.12,0.06,0.12,0.03,0.09,0.13,0.03,0.13
462,Tomáš Souček,CZE,MF,West Ham,26,1995,35,34,3062,34.0,5,1,6,5,0,0,3,0,5.5,4.8,2.2,7.0,36,141,54,0.15,0.03,0.18,0.15,0.18,0.16,0.06,0.22,0.14,0.20
463,Boubakary Soumaré,FRA,MF,Leicester City,22,1999,19,12,1102,12.2,0,1,1,0,0,0,0,0,0.4,0.4,0.4,0.7,10,45,16,0.00,0.08,0.08,0.00,0.08,0.03,0.03,0.06,0.03,0.06
464,Çağlar Söyüncü,TUR,DF,Leicester City,25,1996,28,28,2497,27.7,1,0,1,1,0,0,5,0,1.0,1.0,0.1,1.1,19,71,5,0.04,0.00,0.04,0.04,0.04,0.04,0.00,0.04,0.04,0.04
465,Tony Springett,IRL,"MF,FW",Norwich City,18,2002,3,1,141,1.6,0,0,0,0,0,0,1,0,0.2,0.2,0.5,0.7,8,2,11,0.00,0.00,0.00,0.00,0.00,0.11,0.34,0.45,0.11,0.45
466,Jason Steele,ENG,GK,Brighton,30,1990,1,1,90,1.0,0,0,0,0,0,0,0,0,0.0,0.0,0.0,0.0,0,0,0,0.00,0.00,0.00,0.00,0.00,0.00,0.00,0.00,0.00,0.00
467,Jed Steer,ENG,GK,Aston Villa,28,1992,1,1,90,1.0,0,0,0,0,0,0,0,0,0.0,0.0,0.0,0.0,0,0,0,0.00,0.00,0.00,0.00,0.00,0.00,0.00,0.00,0.00,0.00
468,Zack Steffen,USA,GK,Manchester City,26,1995,1,1,90,1.0,0,0,0,0,0,0,0,0,0.0,0.0,0.0,0.0,0,0,0,0.00,0.00,0.00,0.00,0.00,0.00,0.00,0.00,0.00,0.00
469,Dale Stephens,ENG,MF,Burnley,32,1989,3,1,124,1.4,0,0,0,0,0,0,1,0,0.0,0.0,0.0,0.1,0,5,1,0.00,0.00,0.00,0.00,0.00,0.02,0.02,0.04,0.02,0.04
470,Jack Stephens,ENG,DF,Southampton,27,1994,11,9,811,9.0,0,0,0,0,0,0,3,0,0.0,0.0,0.3,0.3,7,28,3,0.00,0.00,0.00,0.00,0.00,0.00,0.04,0.04,0.00,0.04
471,Raheem Sterling,ENG,FW,Manchester City,26,1994,30,23,2128,23.6,13,5,18,11,2,3,1,0,14.0,11.5,5.5,17.0,108,65,317,0.55,0.21,0.76,0.47,0.68,0.59,0.23,0.82,0.49,0.72
472,Finley Stevens,WAL,DF,Brentford,18,2003,1,0,15,0.2,0,0,0,0,0,0,0,0,0.0,0.0,0.1,0.1,0,2,2,0.00,0.00,0.00,0.00,0.00,0.00,0.33,0.33,0.00,0.33
473,John Stones,ENG,DF,Manchester City,27,1994,14,12,1119,12.4,1,0,1,1,0,0,0,0,0.9,0.9,0.2,1.1,28,63,7,0.08,0.00,0.08,0.08,0.08,0.07,0.01,0.09,0.07,0.09
474,Pascal Struijk,NED,"DF,MF",Leeds United,21,1999,29,22,2055,22.8,1,0,1,1,0,0,6,1,1.4,1.4,0.4,1.9,8,86,10,0.04,0.00,0.04,0.04,0.04,0.06,0.02,0.08,0.06,0.08
475,Crysencio Summerville,NED,"MF,FW",Leeds United,19,2001,6,0,130,1.4,0,0,0,0,0,0,0,0,0.2,0.2,0.0,0.3,5,7,16,0.00,0.00,0.00,0.00,0.00,0.17,0.03,0.19,0.17,0.19
476,Jakob Sørensen,DEN,"MF,DF",Norwich City,23,1998,10,6,604,6.7,0,0,0,0,0,0,0,0,0.5,0.5,0.0,0.5,4,20,4,0.00,0.00,0.00,0.00,0.00,0.07,0.00,0.07,0.07,0.07
477,Japhet Tanganga,ENG,DF,Tottenham,22,1999,11,10,735,8.2,0,0,0,0,0,0,4,1,0.4,0.4,0.2,0.7,13,20,21,0.00,0.00,0.00,0.00,0.00,0.05,0.03,0.08,0.05,0.08
478,Matt Targett,ENG,DF,Aston Villa,25,1995,17,17,1431,15.9,1,1,2,1,0,0,2,0,0.5,0.5,1.7,2.2,19,83,79,0.06,0.06,0.13,0.06,0.13,0.03,0.11,0.14,0.03,0.14
479,Matt Targett,ENG,DF,Newcastle Utd,25,1995,16,16,1440,16.0,0,0,0,0,0,0,1,0,0.3,0.3,1.9,2.2,11,53,40,0.00,0.00,0.00,0.00,0.00,0.02,0.12,0.14,0.02,0.14
480,James Tarkowski,ENG,DF,Burnley,28,1992,35,35,3106,34.5,1,2,3,1,0,0,11,0,2.5,2.5,0.5,3.0,3,97,11,0.03,0.06,0.09,0.03,0.09,0.07,0.01,0.09,0.07,0.09
481,Nuno Tavares,POR,DF,Arsenal,21,2000,22,13,1176,13.1,1,1,2,1,0,0,2,0,1.9,1.9,1.1,2.9,47,42,91,0.08,0.08,0.15,0.08,0.15,0.14,0.08,0.22,0.14,0.22
482,Charlie Taylor,ENG,DF,Burnley,27,1993,31,30,2731,30.3,0,3,3,0,0,0,3,0,0.2,0.2,3.8,4.0,58,91,77,0.00,0.10,0.10,0.00,0.10,0.01,0.13,0.13,0.01,0.13
483,Nathan Tella,NGA,"MF,FW",Southampton,22,1999,14,10,804,8.9,0,1,1,0,0,0,2,0,0.6,0.6,0.6,1.2,22,17,44,0.00,0.11,0.11,0.00,0.11,0.07,0.07,0.13,0.07,0.13
484,Alex Telles,BRA,DF,Manchester Utd,28,1992,21,18,1660,18.4,0,4,4,0,0,0,1,0,0.4,0.4,1.9,2.3,36,66,102,0.00,0.22,0.22,0.00,0.22,0.02,0.10,0.12,0.02,0.12
485,Luke Thomas,ENG,DF,Leicester City,20,2001,22,21,1912,21.2,0,1,1,0,0,0,2,0,0.1,0.1,1.3,1.5,28,95,59,0.00,0.05,0.05,0.00,0.05,0.01,0.06,0.07,0.01,0.07
486,Dominic Thompson,ENG,DF,Brentford,21,2000,2,2,146,1.6,0,0,0,0,0,0,0,0,0.1,0.1,0.0,0.1,0,0,3,0.00,0.00,0.00,0.00,0.00,0.04,0.00,0.04,0.04,0.04
487,Youri Tielemans,BEL,MF,Leicester City,24,1997,32,29,2631,29.2,6,4,10,4,2,2,3,0,4.4,2.8,4.2,7.0,31,202,69,0.21,0.14,0.34,0.14,0.27,0.15,0.15,0.29,0.10,0.24
488,Kieran Tierney,SCO,DF,Arsenal,24,1997,22,22,1915,21.3,1,3,4,1,0,0,0,0,0.6,0.6,1.8,2.4,62,105,128,0.05,0.14,0.19,0.05,0.19,0.03,0.09,0.11,0.03,0.11
489,Takehiro Tomiyasu,JPN,DF,Arsenal,22,1998,21,20,1679,18.7,0,1,1,0,0,0,2,0,0.6,0.6,1.0,1.6,32,96,41,0.00,0.05,0.05,0.00,0.05,0.03,0.05,0.09,0.03,0.09
490,James Tomkins,ENG,DF,Crystal Palace,32,1989,8,6,547,6.1,1,0,1,1,0,0,2,0,0.5,0.5,0.2,0.7,1,8,1,0.16,0.00,0.16,0.16,0.16,0.08,0.03,0.11,0.08,0.11
491,Ivan Toney,ENG,FW,Brentford,25,1996,33,32,2909,32.3,12,5,17,7,5,5,8,0,11.4,7.4,5.8,13.3,28,83,168,0.37,0.15,0.53,0.22,0.37,0.35,0.18,0.53,0.23,0.41
492,Ferrán Torres,ESP,FW,Manchester City,21,2000,4,4,303,3.4,2,1,3,2,0,0,0,0,2.8,2.8,0.0,2.8,5,4,26,0.59,0.30,0.89,0.59,0.89,0.83,0.01,0.84,0.83,0.84
493,Cenk Tosun,TUR,MF,Everton,30,1991,1,0,7,0.1,0,0,0,0,0,0,0,0,0.0,0.0,0.0,0.0,0,0,0,0.00,0.00,0.00,0.00,0.00,0.00,0.00,0.00,0.00,0.00
494,Andros Townsend,ENG,"MF,FW",Everton,30,1991,21,17,1455,16.2,3,2,5,2,1,1,3,0,2.2,1.5,3.1,4.5,41,50,100,0.19,0.12,0.31,0.12,0.25,0.14,0.19,0.33,0.09,0.28
495,Adama Traoré,ESP,"FW,MF",Wolves,25,1996,20,10,1067,11.9,1,0,1,1,0,0,0,0,3.0,3.0,1.4,4.4,84,29,85,0.08,0.00,0.08,0.08,0.08,0.25,0.12,0.37,0.25,0.37
496,Bertrand Traoré,BFA,"MF,FW",Aston Villa,25,1995,9,1,220,2.4,0,0,0,0,0,0,0,0,0.3,0.3,0.0,0.3,12,12,13,0.00,0.00,0.00,0.00,0.00,0.13,0.00,0.13,0.13,0.13
497,Trézéguet,EGY,FW,Aston Villa,26,1994,1,0,11,0.1,0,0,0,0,0,0,0,0,0.0,0.0,0.0,0.0,0,1,4,0.00,0.00,0.00,0.00,0.00,0.38,0.00,0.38,0.38,0.38
498,Francisco Trincão,POR,"FW,MF",Wolves,21,1999,28,16,1336,14.8,2,1,3,2,0,0,0,0,3.7,3.7,1.6,5.4,56,40,93,0.13,0.07,0.20,0.13,0.20,0.25,0.11,0.36,0.25,0.36
499,Kieran Trippier,ENG,DF,Newcastle Utd,30,1990,6,5,429,4.8,2,0,2,2,0,0,0,0,0.2,0.2,0.3,0.5,2,17,8,0.42,0.00,0.42,0.42,0.42,0.05,0.06,0.10,0.05,0.10
500,William Troost-Ekong,NGA,DF,Watford,27,1993,17,15,1390,15.4,0,0,0,0,0,0,3,0,0.1,0.1,0.1,0.2,7,30,3,0.00,0.00,0.00,0.00,0.00,0.01,0.00,0.01,0.01,0.01
501,Leandro Trossard,BEL,"FW,MF",Brighton,26,1994,34,32,2805,31.2,8,3,11,7,1,1,2,0,6.7,5.9,4.8,10.7,97,154,222,0.26,0.10,0.35,0.22,0.32,0.21,0.15,0.37,0.19,0.34
502,Kostas Tsimikas,GRE,DF,Liverpool,25,1996,13,9,877,9.7,0,2,2,0,0,0,3,0,0.6,0.6,2.7,3.3,48,47,109,0.00,0.21,0.21,0.00,0.21,0.06,0.27,0.34,0.06,0.34
503,Axel Tuanzebe,COD,DF,Aston Villa,23,1997,9,6,508,5.6,0,0,0,0,0,0,1,0,0.1,0.1,0.0,0.1,1,6,0,0.00,0.00,0.00,0.00,0.00,0.02,0.00,0.02,0.02,0.02
504,Ozan Tufan,TUR,MF,Watford,26,1995,7,4,334,3.7,0,0,0,0,0,0,0,0,0.6,0.6,0.3,0.9,2,16,13,0.00,0.00,0.00,0.00,0.00,0.15,0.09,0.24,0.15,0.24
505,Christos Tzolis,GRE,"FW,MF",Norwich City,19,2002,14,3,336,3.7,0,0,0,0,0,0,0,0,0.4,0.4,0.7,1.1,8,13,31,0.00,0.00,0.00,0.00,0.00,0.12,0.18,0.30,0.12,0.30
506,Yan Valery,TUN,DF,Southampton,22,1999,5,3,370,4.1,0,0,0,0,0,0,0,0,0.0,0.0,0.1,0.2,3,10,4,0.00,0.00,0.00,0.00,0.00,0.01,0.03,0.04,0.01,0.04
507,Virgil van Dijk,NED,DF,Liverpool,30,1991,34,34,3060,34.0,3,1,4,3,0,0,3,0,2.0,2.0,1.5,3.6,11,145,4,0.09,0.03,0.12,0.09,0.12,0.06,0.05,0.11,0.06,0.11
508,Raphaël Varane,FRA,DF,Manchester Utd,28,1993,22,20,1831,20.3,1,1,2,1,0,0,0,0,0.7,0.7,0.2,0.9,11,49,2,0.05,0.05,0.10,0.05,0.10,0.03,0.01,0.05,0.03,0.05
509,Jamie Vardy,ENG,FW,Leicester City,34,1987,25,20,1806,20.1,15,2,17,15,0,0,2,0,10.8,10.8,1.4,12.2,37,28,112,0.75,0.10,0.85,0.75,0.85,0.54,0.07,0.61,0.54,0.61
510,Joël Veltman,NED,DF,Brighton,29,1992,34,33,2874,31.9,1,1,2,1,0,0,6,0,0.7,0.7,1.6,2.3,25,124,65,0.03,0.03,0.06,0.03,0.06,0.02,0.05,0.07,0.02,0.07
511,Jannik Vestergaard,DEN,DF,Leicester City,28,1992,10,6,567,6.3,0,0,0,0,0,0,2,0,0.1,0.1,0.0,0.1,2,19,0,0.00,0.00,0.00,0.00,0.00,0.02,0.00,0.02,0.02,0.02
512,Nikola Vlašić,CRO,"FW,MF",West Ham,23,1997,19,6,560,6.2,1,0,1,1,0,0,0,0,1.3,1.3,0.6,2.0,21,14,48,0.16,0.00,0.16,0.16,0.16,0.21,0.10,0.31,0.21,0.31
513,Matěj Vydra,CZE,FW,Burnley,29,1992,22,5,679,7.5,2,3,5,2,0,0,1,0,2.9,2.9,0.7,3.7,2,7,43,0.27,0.40,0.66,0.27,0.66,0.39,0.10,0.49,0.39,0.49
514,Theo Walcott,ENG,"MF,FW",Southampton,32,1989,9,5,379,4.2,0,0,0,0,0,0,0,0,0.6,0.6,0.0,0.7,3,5,19,0.00,0.00,0.00,0.00,0.00,0.15,0.01,0.16,0.15,0.16
515,Kyle Walker,ENG,DF,Manchester City,31,1990,20,20,1755,19.5,0,2,2,0,0,0,1,0,0.3,0.3,1.3,1.5,43,146,65,0.00,0.10,0.10,0.00,0.10,0.01,0.06,0.08,0.01,0.08
516,Kyle Walker-Peters,ENG,DF,Southampton,24,1997,32,29,2633,29.3,1,2,3,1,0,0,5,0,1.1,1.1,2.7,3.8,134,147,165,0.03,0.07,0.10,0.03,0.10,0.04,0.09,0.13,0.04,0.13
517,Aaron Wan-Bissaka,ENG,DF,Manchester Utd,23,1997,20,20,1793,19.9,0,0,0,0,0,0,2,0,0.3,0.3,0.9,1.2,55,61,90,0.00,0.00,0.00,0.00,0.00,0.02,0.04,0.06,0.02,0.06
518,Danny Ward,WAL,GK,Leicester City,28,1993,1,1,90,1.0,0,0,0,0,0,0,0,0,0.0,0.0,0.0,0.0,0,0,0,0.00,0.00,0.00,0.00,0.00,0.00,0.00,0.00,0.00,0.00
519,Joel Ward,ENG,DF,Crystal Palace,31,1989,28,27,2487,27.6,0,0,0,0,0,0,8,0,0.3,0.3,0.5,0.8,27,119,37,0.00,0.00,0.00,0.00,0.00,0.01,0.02,0.03,0.01,0.03
520,James Ward-Prowse,ENG,MF,Southampton,26,1994,36,36,3215,35.7,10,5,15,6,4,4,3,1,5.4,2.2,6.5,8.7,21,189,42,0.28,0.14,0.42,0.17,0.31,0.15,0.18,0.33,0.06,0.24
521,Ollie Watkins,ENG,FW,Aston Villa,25,1995,35,33,2952,32.8,11,2,13,10,1,1,7,0,11.6,11.0,3.4,14.4,74,60,226,0.34,0.06,0.40,0.30,0.37,0.35,0.10,0.46,0.34,0.44
522,Adam Webster,ENG,DF,Brighton,26,1995,22,16,1434,15.9,2,0,2,2,0,0,5,0,0.9,0.9,0.0,0.9,19,109,7,0.13,0.00,0.13,0.13,0.13,0.06,0.00,0.06,0.06,0.06
523,Wout Weghorst,NED,FW,Burnley,28,1992,20,17,1450,16.1,2,3,5,2,0,0,3,0,4.8,4.8,1.5,6.2,7,26,81,0.12,0.19,0.31,0.12,0.31,0.30,0.09,0.39,0.30,0.39
524,Danny Welbeck,ENG,"FW,MF",Brighton,30,1990,25,15,1478,16.4,6,2,8,6,0,0,0,0,6.6,6.6,1.2,7.8,22,23,105,0.37,0.12,0.49,0.37,0.49,0.40,0.08,0.47,0.40,0.47
525,Timo Werner,GER,"FW,MF",Chelsea,25,1996,21,15,1283,14.3,4,1,5,4,0,0,1,0,6.8,6.8,0.3,7.1,46,18,144,0.28,0.07,0.35,0.28,0.35,0.48,0.02,0.50,0.48,0.50
526,Ashley Westwood,ENG,MF,Burnley,31,1990,27,26,2287,25.4,0,3,3,0,0,0,7,0,0.6,0.6,4.1,4.7,12,130,27,0.00,0.12,0.12,0.00,0.12,0.02,0.16,0.19,0.02,0.19
527,Ben White,ENG,DF,Arsenal,23,1997,32,32,2880,32.0,0,0,0,0,0,0,3,0,1.0,1.0,1.3,2.3,38,124,4,0.00,0.00,0.00,0.00,0.00,0.03,0.04,0.07,0.03,0.07
528,Brandon Williams,ENG,DF,Norwich City,20,2000,26,23,2120,23.6,0,1,1,0,0,0,8,0,0.2,0.2,1.9,2.2,57,90,58,0.00,0.04,0.04,0.00,0.04,0.01,0.08,0.09,0.01,0.09
529,Neco Williams,WAL,DF,Liverpool,20,2001,1,0,8,0.1,0,1,1,0,0,0,0,0,0.0,0.0,0.7,0.7,1,0,2,0.00,11.25,11.25,0.00,11.25,0.00,7.82,7.82,0.00,7.82
530,Joe Willock,ENG,MF,Newcastle Utd,21,1999,29,24,2038,22.6,2,0,2,2,0,0,0,0,3.2,3.2,1.2,4.4,48,58,77,0.09,0.00,0.09,0.09,0.09,0.14,0.05,0.20,0.14,0.20
531,Callum Wilson,ENG,FW,Newcastle Utd,29,1992,18,16,1386,15.4,8,0,8,6,2,2,4,0,6.2,4.6,0.5,5.1,14,9,52,0.52,0.00,0.52,0.39,0.39,0.40,0.03,0.43,0.30,0.33
532,Harry Winks,ENG,MF,Tottenham,25,1996,19,9,912,10.1,0,1,1,0,0,0,2,0,0.1,0.1,1.5,1.6,10,73,18,0.00,0.10,0.10,0.00,0.10,0.01,0.15,0.16,0.01,0.16
533,Yoane Wissa,COD,FW,Brentford,24,1996,30,12,1284,14.3,7,1,8,7,0,0,0,0,3.1,3.1,0.9,4.0,19,29,84,0.49,0.07,0.56,0.49,0.56,0.22,0.06,0.28,0.22,0.28
534,Chris Wood,NZL,FW,Burnley,29,1991,17,17,1367,15.2,3,0,3,3,0,0,1,0,4.2,4.2,0.5,4.7,5,23,69,0.20,0.00,0.20,0.20,0.20,0.28,0.03,0.31,0.28,0.31
535,Chris Wood,NZL,FW,Newcastle Utd,29,1991,17,15,1327,14.7,2,0,2,1,1,1,0,0,3.1,2.3,1.1,3.4,5,18,60,0.14,0.00,0.14,0.07,0.07,0.21,0.07,0.28,0.16,0.23
536,Freddie Woodman,ENG,GK,Newcastle Utd,24,1997,4,4,360,4.0,0,0,0,0,0,0,0,0,0.0,0.0,0.0,0.0,0,0,0,0.00,0.00,0.00,0.00,0.00,0.00,0.00,0.00,0.00,0.00
537,Granit Xhaka,SUI,"MF,DF",Arsenal,28,1992,27,27,2327,25.9,1,2,3,1,0,0,10,1,1.4,1.4,2.3,3.7,39,230,67,0.04,0.08,0.12,0.04,0.12,0.05,0.09,0.14,0.05,0.14
538,Andriy Yarmolenko,UKR,"FW,MF",West Ham,31,1989,19,1,316,3.5,1,0,1,1,0,0,1,0,0.8,0.8,0.3,1.1,12,12,28,0.28,0.00,0.28,0.28,0.28,0.22,0.08,0.30,0.22,0.30
539,Ashley Young,ENG,"DF,FW",Aston Villa,36,1985,24,10,1250,13.9,0,2,2,0,0,0,2,0,0.4,0.4,1.0,1.4,27,45,57,0.00,0.14,0.14,0.00,0.14,0.03,0.07,0.10,0.03,0.10
540,Nathan Young-Coombes,ENG,MF,Brentford,18,2003,1,0,4,0.0,0,0,0,0,0,0,0,0,0.0,0.0,0.0,0.0,0,0,0,0.00,0.00,0.00,0.00,0.00,0.00,0.00,0.00,0.00,0.00
541,Wilfried Zaha,CIV,FW,Crystal Palace,28,1992,33,31,2760,30.7,14,1,15,9,5,7,6,1,9.5,3.9,5.1,9.0,113,121,265,0.46,0.03,0.49,0.29,0.33,0.31,0.17,0.48,0.13,0.29
542,Christoph Zimmermann,GER,DF,Norwich City,28,1993,3,2,157,1.7,0,0,0,0,0,0,0,0,0.0,0.0,0.0,0.0,1,4,0,0.00,0.00,0.00,0.00,0.00,0.03,0.00,0.03,0.03,0.03
543,Oleksandr Zinchenko,UKR,DF,Manchester City,24,1996,15,10,1047,11.6,0,4,4,0,0,0,0,0,0.5,0.5,2.7,3.2,32,113,88,0.00,0.34,0.34,0.00,0.34,0.04,0.23,0.27,0.04,0.27
544,Hakim Ziyech,MAR,"MF,FW",Chelsea,28,1993,23,14,1319,14.7,4,3,7,4,0,0,3,0,3.4,3.4,2.9,6.3,50,88,142,0.27,0.20,0.48,0.27,0.48,0.23,0.20,0.43,0.23,0.43
545,Kurt Zouma,FRA,DF,West Ham,26,1994,24,24,2078,23.1,1,0,1,1,0,0,1,0,1.1,1.1,0.1,1.2,11,33,2,0.04,0.00,0.04,0.04,0.04,0.05,0.00,0.05,0.05,0.05
546,Martin Ødegaard,NOR,"MF,FW",Arsenal,22,1998,36,32,2785,30.9,7,4,11,7,0,0,4,0,4.8,4.8,6.3,11.1,57,224,146,0.23,0.13,0.36,0.23,0.36,0.15,0.20,0.36,0.15,0.36
